timestamp,datetime,comment-id,author-id,agrees,disagrees,moderated,comment-body
1517754252,Sun Feb 04 2018 14:24:12 GMT+0000 (Coordinated Universal Time),57,44,538,132,1,"We need a real bus system."
1517604187,Fri Feb 02 2018 20:43:07 GMT+0000 (Coordinated Universal Time),21,0,709,79,1,"The arts are an important component of K-12 education."
1517603680,Fri Feb 02 2018 20:34:40 GMT+0000 (Coordinated Universal Time),0,0,172,368,1,"Local schools should help make up the pension fund crisis by learning to live with budget cuts."
1517603722,Fri Feb 02 2018 20:35:22 GMT+0000 (Coordinated Universal Time),2,0,404,130,1,"Officials that use social media accounts in a professional capacity should not be allowed to block constituents except under rare conditions like being threatened."
1517603732,Fri Feb 02 2018 20:35:32 GMT+0000 (Coordinated Universal Time),3,0,573,188,1,"I should be able to vote in city elections if I pay city taxes, even though I may live in the county."
1517603739,Fri Feb 02 2018 20:35:39 GMT+0000 (Coordinated Universal Time),4,0,171,111,1,"Most local officials run for office to serve the public good."
1517603763,Fri Feb 02 2018 20:36:03 GMT+0000 (Coordinated Universal Time),5,0,497,120,1,"Local law enforcement would benefit from additional training in community relations."
1517603767,Fri Feb 02 2018 20:36:07 GMT+0000 (Coordinated Universal Time),6,0,201,145,1,"Most journalists strive to be factual and unbiased, whether or not they succeed in all their writing,"
1517603777,Fri Feb 02 2018 20:36:17 GMT+0000 (Coordinated Universal Time),7,0,265,80,1,"Opinion pieces without a specific author make it more confusing to determine whether a media source is biased or not."
1517603814,Fri Feb 02 2018 20:36:54 GMT+0000 (Coordinated Universal Time),9,0,172,409,1,"Harsher sentences for drug users would help combat the opioid epidemic."
1517603692,Fri Feb 02 2018 20:34:52 GMT+0000 (Coordinated Universal Time),1,0,314,136,1,"University management bears more responsibility than federal and state education funding cuts for tuition rising so much over the years."
1517603825,Fri Feb 02 2018 20:37:05 GMT+0000 (Coordinated Universal Time),10,0,668,173,1,"In order to better combat the opioid epidemic, it is time to view drug addiction as a health problem rather than a criminal justice problem."
1517604189,Fri Feb 02 2018 20:43:09 GMT+0000 (Coordinated Universal Time),22,0,217,117,1,"Crime is worse in Bowling Green / Warren County than it was a decade ago."
1517604199,Fri Feb 02 2018 20:43:19 GMT+0000 (Coordinated Universal Time),23,0,588,226,1,"No child should go hungry in Bowling Green / Warren County, and it is up to our officials to make sure it doesn’t happen."
1517603844,Fri Feb 02 2018 20:37:24 GMT+0000 (Coordinated Universal Time),11,0,516,203,1,"Law enforcement should send drug possession arrestees for rehabilitation services rather than imprisonment."
1517603851,Fri Feb 02 2018 20:37:31 GMT+0000 (Coordinated Universal Time),12,0,635,254,1,"Medical marijuana should be legal."
1517603953,Fri Feb 02 2018 20:39:13 GMT+0000 (Coordinated Universal Time),13,0,521,434,1,"Recreational marijuana should be legal."
1517604138,Fri Feb 02 2018 20:42:18 GMT+0000 (Coordinated Universal Time),20,0,567,455,1,"It is embarrassing that our city is the largest in the state not to have a fairness ordinance."
1517603965,Fri Feb 02 2018 20:39:25 GMT+0000 (Coordinated Universal Time),14,0,154,102,1,"I regularly discuss politics with people I disagree with."
1517604046,Fri Feb 02 2018 20:40:46 GMT+0000 (Coordinated Universal Time),15,0,505,136,1,"WKU and local community colleges should continue to offer courses that interest those seeking an education, whether or not the courses aid in job placement."
1517604048,Fri Feb 02 2018 20:40:48 GMT+0000 (Coordinated Universal Time),16,0,407,373,1,"The main purpose of higher education is job training."
1517604086,Fri Feb 02 2018 20:41:26 GMT+0000 (Coordinated Universal Time),17,0,427,205,1,"If private schools were to get a share of Federal or State education dollars, it would hurt public schools."
1517604097,Fri Feb 02 2018 20:41:37 GMT+0000 (Coordinated Universal Time),18,0,577,90,1,"Beautification projects and other quality-of-life enhancements like parks and libraries help attract new residents and industries to our city/county."
1517604106,Fri Feb 02 2018 20:41:46 GMT+0000 (Coordinated Universal Time),19,0,444,324,1,"More nonviolent inmates convicted of drug possession should be set free."
1517604216,Fri Feb 02 2018 20:43:36 GMT+0000 (Coordinated Universal Time),24,0,537,223,1,"No family should be homeless in Bowling Green / Warren County, and it is up to our officials to make sure they have options for shelter."
1517604226,Fri Feb 02 2018 20:43:46 GMT+0000 (Coordinated Universal Time),25,0,171,374,1,"Homelessness is for the nonprofit sector to deal with, not government."
1517604237,Fri Feb 02 2018 20:43:57 GMT+0000 (Coordinated Universal Time),26,0,365,474,1,"A city should have the right to declare itself a sanctuary city."
1517604440,Fri Feb 02 2018 20:47:20 GMT+0000 (Coordinated Universal Time),28,0,185,166,1,"Cutting a major sports program would be the best way for WKU to deal with budget cuts without harming academics."
1517604246,Fri Feb 02 2018 20:44:06 GMT+0000 (Coordinated Universal Time),27,0,1,0,-1,"Our immigrant communities have, overall, been a benefit to our city and county."
1517603801,Fri Feb 02 2018 20:36:41 GMT+0000 (Coordinated Universal Time),8,0,1,0,-1,"The fact that there is not as much coverage about African American deaths due to cocaine as there is about deaths in the white community from opioids is evidence of institutionalized racism."
1517606565,Fri Feb 02 2018 21:22:45 GMT+0000 (Coordinated Universal Time),29,0,92,197,1,"The fact that there is not as much coverage about African American deaths from cocaine as there is about deaths in the white community from opioids, even though there are as many of them, is evidence of institutionalized racism."
1517606607,Fri Feb 02 2018 21:23:27 GMT+0000 (Coordinated Universal Time),30,0,652,271,1,"Our local immigrant population has, overall, been a benefit to our city and county."
1517728589,Sun Feb 04 2018 07:16:29 GMT+0000 (Coordinated Universal Time),32,5,333,169,1,"We need a WHOLE FOOD store."
1517728536,Sun Feb 04 2018 07:15:36 GMT+0000 (Coordinated Universal Time),31,5,19,7,-1,"We need a whole food store here."
1517729685,Sun Feb 04 2018 07:34:45 GMT+0000 (Coordinated Universal Time),36,6,489,131,1,"I would like to see a revitalization of older parts of Bowling Green, by giving home improvement grants to home owners. Approval process req"
1517729883,Sun Feb 04 2018 07:38:03 GMT+0000 (Coordinated Universal Time),37,6,416,116,1,"More youth programs are needed to bring the community together: volunteer organizations, community service, innovative creations labs"
1517729477,Sun Feb 04 2018 07:31:17 GMT+0000 (Coordinated Universal Time),35,6,376,156,1,"I would like to see more community art and music programs. For instance, I would love to sign up for a community choir."
1517730335,Sun Feb 04 2018 07:45:35 GMT+0000 (Coordinated Universal Time),41,6,319,147,1,"Fewer students per teacher should be a rule. No more than 20; ideal class size of 15. Plenty of teachers are looking for work."
1517730207,Sun Feb 04 2018 07:43:27 GMT+0000 (Coordinated Universal Time),40,6,138,187,1,"If strict dress codes are required, uniforms should be provided by the school system, not eat into the  parents possibly small budget."
1517730074,Sun Feb 04 2018 07:41:14 GMT+0000 (Coordinated Universal Time),39,6,564,35,1,"All students in Warren county should have the best available education, not the Kentucky minimum, at all times."
1517730431,Sun Feb 04 2018 07:47:11 GMT+0000 (Coordinated Universal Time),42,6,146,161,1,"If the state cannot provide good retirement benefits to KRS employees, the county/city should supplement the retirement with a 401k."
1517730012,Sun Feb 04 2018 07:40:12 GMT+0000 (Coordinated Universal Time),38,6,431,57,1,"All schools in the county and city should work together to provide the same minimum level of education to students."
1517730564,Sun Feb 04 2018 07:49:24 GMT+0000 (Coordinated Universal Time),43,6,318,93,1,"I would like to see the WKU psych and Medical programs collaborate on mental health research, which is so sadly lacking in today's society."
1517729339,Sun Feb 04 2018 07:28:59 GMT+0000 (Coordinated Universal Time),34,6,579,149,1,"I would like to see more aid for the homeless whether: tiny house park, health clinic, rehabilitation, job readiness sources."
1517854249,Mon Feb 05 2018 18:10:49 GMT+0000 (Coordinated Universal Time),153,240,118,77,1,"The Old Morgantown Rd train crossing needs either an underpass or an overpass"
1517754233,Sun Feb 04 2018 14:23:53 GMT+0000 (Coordinated Universal Time),56,44,487,112,1,"We need more things to do for ages 1-6. A children’s museum or a small science museum would be wonderful."
1517729238,Sun Feb 04 2018 07:27:18 GMT+0000 (Coordinated Universal Time),33,6,177,166,1,"I would like to see part of the downtown area converted to an ""art district"". Something similar to the Wynnwood Walls in Miami, FL."
1517744564,Sun Feb 04 2018 11:42:44 GMT+0000 (Coordinated Universal Time),44,13,583,94,1,"I would like to see a sift in city planning and zoning to make BG a more walkable city with better sidewalk planning"
1517750261,Sun Feb 04 2018 13:17:41 GMT+0000 (Coordinated Universal Time),45,24,229,179,1,"We already have a lot of parks. And the libraries have become a hangout for the homeless.  Do something about that problem first"
1517750384,Sun Feb 04 2018 13:19:44 GMT+0000 (Coordinated Universal Time),46,22,40,86,1,"I still have to drive out of town to eat Golden Corral."
1517752883,Sun Feb 04 2018 14:01:23 GMT+0000 (Coordinated Universal Time),48,36,36,55,1,"City should bar non-competes, similar to North Dakota/California, as driving destitution in non-tenure work force. Be heroic destination."
1517752898,Sun Feb 04 2018 14:01:38 GMT+0000 (Coordinated Universal Time),49,36,52,64,1,"City should bar garbage token health plans designed to prevent temp services paying $166/month Obamacare emp. fee. Let ppl get subsidy."
1517752922,Sun Feb 04 2018 14:02:02 GMT+0000 (Coordinated Universal Time),50,36,302,134,1,"A person should not miss rent (say due to a car breakdown) and face eviction in less than 2 weeks (before next payday). Make it 30 days."
1517752935,Sun Feb 04 2018 14:02:15 GMT+0000 (Coordinated Universal Time),51,36,134,78,1,"City needs to bar big COs employing from half a dozen temp services to keep 100s ineligble for FMLA due to less than 50 ppl/per 'employer'"
1517752977,Sun Feb 04 2018 14:02:57 GMT+0000 (Coordinated Universal Time),54,36,89,63,1,"Temp svc need to furnish the equivalent of FMLA, despite not having 50 people at one single site."
1517754016,Sun Feb 04 2018 14:20:16 GMT+0000 (Coordinated Universal Time),55,36,106,95,1,"Every school has 1-9% homeless people. This is for the government to deal with via economic policy.  Not sending to a NGO or giving a shanty"
1517752966,Sun Feb 04 2018 14:02:46 GMT+0000 (Coordinated Universal Time),53,36,53,80,1,"Temp service need to pay higher hourly rate to temp than hiring firm pays their FTE to account for reduced economic security"
1517752950,Sun Feb 04 2018 14:02:30 GMT+0000 (Coordinated Universal Time),52,36,114,97,1,"City needs to mandate temp services furnish details of how much they are selling employee labor for, to the employee."
1517750486,Sun Feb 04 2018 13:21:26 GMT+0000 (Coordinated Universal Time),47,18,667,81,1,"Continue downtown development to the river.  Tourists always seek out parks & restaurants near water."
1517755573,Sun Feb 04 2018 14:46:13 GMT+0000 (Coordinated Universal Time),58,47,630,66,1,"Something needs to be done with the river area- river walk, park, restaurants, summer events- to give the communities ways to get together."
1517756077,Sun Feb 04 2018 14:54:37 GMT+0000 (Coordinated Universal Time),60,50,601,145,1,"There isn’t enough here to draw young families. We need a beautification of the riverfront and a more walkable city for young professionals"
1517757453,Sun Feb 04 2018 15:17:33 GMT+0000 (Coordinated Universal Time),61,54,400,25,1,"Individuals should be treated equally. Higher positions or who you work for should not release anyone from responsibility of their actions."
1517758865,Sun Feb 04 2018 15:41:05 GMT+0000 (Coordinated Universal Time),64,67,606,25,1,"More choices when it comes to internet.  BGMU has been offering service to businesses for a while, they should expand to offer to residents."
1517758373,Sun Feb 04 2018 15:32:53 GMT+0000 (Coordinated Universal Time),63,62,70,27,1,"WKU should upgrade their CIT program to keep up with the times"
1517757645,Sun Feb 04 2018 15:20:45 GMT+0000 (Coordinated Universal Time),62,56,49,66,1,"11,000 Total American deaths from cocaine is not equal to 45,000 deaths from opoids, therefore false race-baiting news is a problem."
1517755683,Sun Feb 04 2018 14:48:03 GMT+0000 (Coordinated Universal Time),59,50,17,6,-1,"We need more activities for families such a large scale all in one kids play arenas like All About Kids. We also need a health food store."
1517763576,Sun Feb 04 2018 16:59:36 GMT+0000 (Coordinated Universal Time),73,0,225,136,1,"We need a health food store."
1517763562,Sun Feb 04 2018 16:59:22 GMT+0000 (Coordinated Universal Time),72,0,252,134,1,"We need more activities for families, such as a large-scale all-in-one kids play arena like All About Kids."
1517763544,Sun Feb 04 2018 16:59:04 GMT+0000 (Coordinated Universal Time),71,87,264,184,1,"Greenwood Mall should be remodeled to attract more buyers."
1517763029,Sun Feb 04 2018 16:50:29 GMT+0000 (Coordinated Universal Time),69,85,579,28,1,"Something needs to be done to improve traffic flow"
1517762201,Sun Feb 04 2018 16:36:41 GMT+0000 (Coordinated Universal Time),68,75,519,52,1,"County volunteer fire departments need to be upgraded to fit the current population of Warren County."
1517762037,Sun Feb 04 2018 16:33:57 GMT+0000 (Coordinated Universal Time),67,75,347,78,1,"Some local politicians abuse their power and get away with more than normal citizens."
1517761950,Sun Feb 04 2018 16:32:30 GMT+0000 (Coordinated Universal Time),66,82,586,32,1,"The city should actually time stoplights correctly during rush hour to prevent complete gridlock"
1517763593,Sun Feb 04 2018 16:59:53 GMT+0000 (Coordinated Universal Time),74,87,190,230,1,"More advertising should be done along I-65 to promote tourism into Bowling Green."
1517763381,Sun Feb 04 2018 16:56:21 GMT+0000 (Coordinated Universal Time),70,87,462,73,1,"More concerts should be held in Bowling Green"
1517761097,Sun Feb 04 2018 16:18:17 GMT+0000 (Coordinated Universal Time),65,78,188,168,1,"Prevent the development of new housing areas, especially in farm land areas."
1517767278,Sun Feb 04 2018 18:01:18 GMT+0000 (Coordinated Universal Time),77,96,234,87,1,"Bring a discount grocer to the downtown area."
1517766975,Sun Feb 04 2018 17:56:15 GMT+0000 (Coordinated Universal Time),76,96,345,70,1,"Build and improve sidewalks in the area of Magnolia Street and 13th to Cabell Drive area for the heavy pedestrian traffic there."
1517768273,Sun Feb 04 2018 18:17:53 GMT+0000 (Coordinated Universal Time),80,101,169,115,1,"Warren County residents should not be charged the WASTE WATER SERVICE FEE on their water bills."
1517763840,Sun Feb 04 2018 17:04:00 GMT+0000 (Coordinated Universal Time),75,90,11,0,-1,"Improve traffic flow throughout BG, specifically, Scottsville Rd. & consider with any proposed new developments.  Too many traffic lights."
1517768594,Sun Feb 04 2018 18:23:14 GMT+0000 (Coordinated Universal Time),83,0,656,20,1,"Impact on traffic flow should be considered with any proposed new developments."
1517768572,Sun Feb 04 2018 18:22:52 GMT+0000 (Coordinated Universal Time),82,0,612,29,1,"Traffic flow needs to be improved throughout Bowling Green, especially on Scottsville Road."
1517768501,Sun Feb 04 2018 18:21:41 GMT+0000 (Coordinated Universal Time),81,0,161,177,1,"There are too many traffic lights in parts of Bowling Green (for instance, Scottsville Road)."
1517767912,Sun Feb 04 2018 18:11:52 GMT+0000 (Coordinated Universal Time),79,99,3,2,-1,"Marijuana should be legalized. It would be a boon for the economy."
1517767789,Sun Feb 04 2018 18:09:49 GMT+0000 (Coordinated Universal Time),78,99,3,3,-1,"Bowling Green needs a fairness ordinance to attract new businesses. No one wants to set up show in a town ethically stuck in the 1800s."
1517770672,Sun Feb 04 2018 18:57:52 GMT+0000 (Coordinated Universal Time),86,110,592,399,1,"Bowling Green needs a fairness ordinance to protect the rights of its citizens."
1517770649,Sun Feb 04 2018 18:57:29 GMT+0000 (Coordinated Universal Time),85,0,406,297,1,"Legalizing marijuana would be a boon for the economy."
1517770677,Sun Feb 04 2018 18:57:57 GMT+0000 (Coordinated Universal Time),87,0,510,410,1,"A fairness ordinance in Bowling Green would attract new businesses. No one wants to set up show in a town ethically stuck in the 1800s."
1517770757,Sun Feb 04 2018 18:59:17 GMT+0000 (Coordinated Universal Time),88,110,410,104,1,"The downtown district, especially Fountain Square, should have more retail businesses, not offices."
1517769745,Sun Feb 04 2018 18:42:25 GMT+0000 (Coordinated Universal Time),84,106,7,0,-1,"I would like to see Bowling Green become more walk-able. Look to Columbus, IN for ideas."
1517771546,Sun Feb 04 2018 19:12:26 GMT+0000 (Coordinated Universal Time),89,114,278,385,1,"Marijuana should not be legalized."
1517771975,Sun Feb 04 2018 19:19:35 GMT+0000 (Coordinated Universal Time),90,114,232,463,1,"LGBTQ fairness is far-left political idiocy."
1517774844,Sun Feb 04 2018 20:07:24 GMT+0000 (Coordinated Universal Time),92,123,2,1,-1,"Bowling Green needs more walk friendly areas and an expanded bus system."
1517778688,Sun Feb 04 2018 21:11:28 GMT+0000 (Coordinated Universal Time),99,132,403,105,1,"Warren County should be completely wet, the idea of a “moist” County is outdated and stunting the financial growth and tourism opportunity."
1517778204,Sun Feb 04 2018 21:03:24 GMT+0000 (Coordinated Universal Time),98,125,144,57,1,"Bowling Green needs to annex a solid geographic area & thereby eliminating those areas within our city that are not receiving city services."
1517777932,Sun Feb 04 2018 20:58:52 GMT+0000 (Coordinated Universal Time),97,126,285,56,1,"The lack of leadership regarding adequate planning and zoning in BG is discouraging."
1517780971,Sun Feb 04 2018 21:49:31 GMT+0000 (Coordinated Universal Time),100,102,254,120,1,"Bowling Green & Warren Co. should consolidate into a metro."
1517777773,Sun Feb 04 2018 20:56:13 GMT+0000 (Coordinated Universal Time),96,126,297,156,1,"Law enforcement in Bowling Green and Warren county needs more minority representation"
1517777640,Sun Feb 04 2018 20:54:00 GMT+0000 (Coordinated Universal Time),95,126,223,137,1,"Downtown at the square and adjacent areas should be a pedestrian mall"
1517776882,Sun Feb 04 2018 20:41:22 GMT+0000 (Coordinated Universal Time),94,129,366,120,1,"Warren county needs to be ""wet"". The city is wet but the county is dry."
1517775902,Sun Feb 04 2018 20:25:02 GMT+0000 (Coordinated Universal Time),93,125,450,115,1,"Industrial hemp should be re-legalized to grow in Kentucky."
1517772565,Sun Feb 04 2018 19:29:25 GMT+0000 (Coordinated Universal Time),91,119,130,43,1,"People need to do all their research before accusing local officials of using their influence for personal gain."
1517783145,Sun Feb 04 2018 22:25:45 GMT+0000 (Coordinated Universal Time),101,140,545,43,1,"We need jobs to attract our own college educated students so they don’t leave to get better paying jobs"
1517784439,Sun Feb 04 2018 22:47:19 GMT+0000 (Coordinated Universal Time),102,141,1,2,-1,"A Fairness Ordinance."
1517787515,Sun Feb 04 2018 23:38:35 GMT+0000 (Coordinated Universal Time),106,36,23,77,1,"If city eliminates homelessness via occupational taxes, employers of homeless people need to reimburse city via special occ. tax penalty"
1517786916,Sun Feb 04 2018 23:28:36 GMT+0000 (Coordinated Universal Time),105,36,61,124,1,"City should pay 1.2-1.5m per annum for all homeless k-12 student/families a studio apartment at $500 or less. fund by occ tax move to 1.91%"
1517786642,Sun Feb 04 2018 23:24:02 GMT+0000 (Coordinated Universal Time),104,143,496,32,1,"Downtown redevelopment should retain accessible parking for existing businesses."
1517786394,Sun Feb 04 2018 23:19:54 GMT+0000 (Coordinated Universal Time),103,36,33,112,1,"Homeless people deserve full size places like studio apartments.  Not tiny homes like a smurf would desire in a tiny house park."
1517790603,Mon Feb 05 2018 00:30:03 GMT+0000 (Coordinated Universal Time),107,146,370,126,1,"We are loosing the city’s long established neighborhoods to multi family developments that do not fit in with the single family residences"
1517795601,Mon Feb 05 2018 01:53:21 GMT+0000 (Coordinated Universal Time),110,151,343,129,1,"Trains blocking major roads, stopping, and shutting down all traffic. This problem needs to be solved."
1517795492,Mon Feb 05 2018 01:51:32 GMT+0000 (Coordinated Universal Time),109,149,166,130,1,"The city and county school systems should merge."
1517795679,Mon Feb 05 2018 01:54:39 GMT+0000 (Coordinated Universal Time),111,149,343,68,1,"City and county parks departments should provide more programming for adults and seniors."
1517795342,Mon Feb 05 2018 01:49:02 GMT+0000 (Coordinated Universal Time),108,149,3,5,-1,"People wearing University of Kentucky gear should be banned from the city."
1517801262,Mon Feb 05 2018 03:27:42 GMT+0000 (Coordinated Universal Time),113,161,340,149,1,"City/County schools should have a minimum one year classroom for immigrant and refugee students so they can learn english, culture and laws"
1517854916,Mon Feb 05 2018 18:21:56 GMT+0000 (Coordinated Universal Time),163,240,440,135,1,"Need more bike lanes and biker friendly resources"
1517870759,Mon Feb 05 2018 22:45:59 GMT+0000 (Coordinated Universal Time),225,323,42,79,1,"I would love to see a Texas Roadhouse in Bowling Green"
1517801375,Mon Feb 05 2018 03:29:35 GMT+0000 (Coordinated Universal Time),114,161,447,235,1,"Minimum wage required for businesses to receive tax credits should be raised to a living wage"
1517801110,Mon Feb 05 2018 03:25:10 GMT+0000 (Coordinated Universal Time),112,161,456,79,1,"Local government, for profit and non profits should work together on housing and economic equality"
1517804328,Mon Feb 05 2018 04:18:48 GMT+0000 (Coordinated Universal Time),115,165,380,74,1,"The population has out grown the infrastructure in bg/ warren county."
1517805495,Mon Feb 05 2018 04:38:15 GMT+0000 (Coordinated Universal Time),116,166,272,56,1,"Local elected government officials should not be able to hold a seat and also be on the TIF board or other unelected boards."
1517854113,Mon Feb 05 2018 18:08:33 GMT+0000 (Coordinated Universal Time),152,240,63,68,1,"There is too much continuous road work going on downtown. They need to get it together."
1517837296,Mon Feb 05 2018 13:28:16 GMT+0000 (Coordinated Universal Time),122,175,290,100,1,"Driver’s education needs to be more thorough and mandatory before 16 year olds are even allowed to drive home from the courthouse."
1517837201,Mon Feb 05 2018 13:26:41 GMT+0000 (Coordinated Universal Time),121,175,23,68,1,"KASPER is an invasion of privacy that contradicts what HIPAA regulations try to protect."
1517837092,Mon Feb 05 2018 13:24:52 GMT+0000 (Coordinated Universal Time),120,175,2,0,-1,"I’ve never been to Kentucky and have no idea why I’m allowed to participate in this."
1517836854,Mon Feb 05 2018 13:20:54 GMT+0000 (Coordinated Universal Time),119,175,239,160,1,"Graves Gilbert has created a healthcare monopoly within Bowling Green and the surrounding areas."
1517836531,Mon Feb 05 2018 13:15:31 GMT+0000 (Coordinated Universal Time),118,175,2,1,-1,"Virtual civic assemblies allow online trolls to have influence in our community."
1517835185,Mon Feb 05 2018 12:53:05 GMT+0000 (Coordinated Universal Time),117,172,1,3,-1,"Merged city/county government should be considered."
1517838962,Mon Feb 05 2018 13:56:02 GMT+0000 (Coordinated Universal Time),124,181,316,40,1,"Human trafficking in Bowling Green needs to be investigated by the FBI before it becomes a larger problem swept under the rug."
1517837480,Mon Feb 05 2018 13:31:20 GMT+0000 (Coordinated Universal Time),123,175,3,0,-1,"Graves Gilbert staff members have reported sexual harassment in the workplace too many times for nothing to be done."
1517840618,Mon Feb 05 2018 14:23:38 GMT+0000 (Coordinated Universal Time),125,0,24,34,1,"My employer has not been responsive to reports of sexual harassment in the workplace."
1517841846,Mon Feb 05 2018 14:44:06 GMT+0000 (Coordinated Universal Time),127,193,509,23,1,"City/County officials with connections to a project or proposal should abstain from voting on the project or proposal."
1517841752,Mon Feb 05 2018 14:42:32 GMT+0000 (Coordinated Universal Time),126,193,487,29,1,"City/county officials should disclose to the public via Daily News all connections they have to a project or proposal well before the vote."
1517842822,Mon Feb 05 2018 15:00:22 GMT+0000 (Coordinated Universal Time),128,198,530,37,1,"New developments should not be approved unless roads and infrastructure capable of handling them are in place."
1517842858,Mon Feb 05 2018 15:00:58 GMT+0000 (Coordinated Universal Time),129,199,319,245,1,"Recreational Cannabis in KY offers tourism, increased revenue, job opportunities, and shows massive leadership in the southern region."
1517843771,Mon Feb 05 2018 15:16:11 GMT+0000 (Coordinated Universal Time),133,206,2,0,-1,"The city needs to make McDonald's lower the cost of a Big Mac to $.50."
1517843766,Mon Feb 05 2018 15:16:06 GMT+0000 (Coordinated Universal Time),132,203,214,87,1,"Residents using septic tanks should not be charged for waste water."
1517843644,Mon Feb 05 2018 15:14:04 GMT+0000 (Coordinated Universal Time),131,198,105,37,1,"With a circle, widen Fairview with a left-turn lane west of cemetery."
1517843538,Mon Feb 05 2018 15:12:18 GMT+0000 (Coordinated Universal Time),130,198,65,61,1,"Only a traffic circle at Kereiakes Park on Fairview Ave. is required."
1517843952,Mon Feb 05 2018 15:19:12 GMT+0000 (Coordinated Universal Time),134,203,3,0,-1,"BGMU should introduce residential internet service to compete with Spectrum."
1517845145,Mon Feb 05 2018 15:39:05 GMT+0000 (Coordinated Universal Time),135,210,528,54,1,"Cable companies need competition and not be allowed to raise rates of  customers. Once you sign on, that is your rate unless you upgrade."
1517846508,Mon Feb 05 2018 16:01:48 GMT+0000 (Coordinated Universal Time),136,36,42,111,1,"The city should craft a very simple fairness ordinance, saying no discrimination acquiring housing, but not giving LGBTQ EEOC Bypass @work"
1517846827,Mon Feb 05 2018 16:07:07 GMT+0000 (Coordinated Universal Time),137,36,2,0,-1,"Majority rule doesn't count if majority votes no to spending 6 cents per $100 to eliminate homelessness for hundreds of school children."
1517853205,Mon Feb 05 2018 17:53:25 GMT+0000 (Coordinated Universal Time),139,92,192,162,1,"Bowling Green City Commission needs to pass an ordinance banning the sale or use of large fireworks in the city limits."
1517852744,Mon Feb 05 2018 17:45:44 GMT+0000 (Coordinated Universal Time),138,239,372,73,1,"Publicizing more cultural activities other than the Bowling Green International Festival."
1517861218,Mon Feb 05 2018 20:06:58 GMT+0000 (Coordinated Universal Time),192,272,119,59,1,"Require new downtown developments to become LEED certified"
1517853538,Mon Feb 05 2018 17:58:58 GMT+0000 (Coordinated Universal Time),141,240,267,128,1,"There are too many apartments being built. Our economy can't continue to support it. There will be a bust & it might be sooner than later."
1517854773,Mon Feb 05 2018 18:19:33 GMT+0000 (Coordinated Universal Time),159,240,208,50,1,"We need to commit more resources to the North-Northeast ends of town. Blue collar people who help make Bowling Green what is. Too neglected."
1517860776,Mon Feb 05 2018 19:59:36 GMT+0000 (Coordinated Universal Time),176,276,252,183,1,"Enact rent control laws to stabilize the constant increase in rates."
1517860988,Mon Feb 05 2018 20:03:08 GMT+0000 (Coordinated Universal Time),182,274,508,50,1,"The arts enrich our city."
1517867440,Mon Feb 05 2018 21:50:40 GMT+0000 (Coordinated Universal Time),221,314,523,235,1,"Bowling Green's refugee, immigrant, and international student population improves the university and the community."
1517853970,Mon Feb 05 2018 18:06:10 GMT+0000 (Coordinated Universal Time),148,240,373,65,1,"The access roads off Scottsville Rd are terrible. They provide constant traffic jams and can be dangerous. We need to budget to fix them."
1517853825,Mon Feb 05 2018 18:03:45 GMT+0000 (Coordinated Universal Time),146,240,447,63,1,"Our sidewalks need more connectivity. It's too piecemealed and makes some areas unusable."
1517853715,Mon Feb 05 2018 18:01:55 GMT+0000 (Coordinated Universal Time),144,240,431,66,1,"We should be incentivizing higher paying jobs coming to BG. Cost of living is outrunning wages and it's starting to be a problem."
1517853659,Mon Feb 05 2018 18:00:59 GMT+0000 (Coordinated Universal Time),143,240,84,111,1,"You shouldn't be required to pay County taxes if you live in the City (but not the other way around). It makes no sense."
1517853588,Mon Feb 05 2018 17:59:48 GMT+0000 (Coordinated Universal Time),142,240,472,103,1,"There is not enough done for tourism in Warren Co. We offer much more than Corvettes and we should be promoting other activities."
1517854818,Mon Feb 05 2018 18:20:18 GMT+0000 (Coordinated Universal Time),160,0,213,96,1,"There is no reason not to spend 6 cents per $100 to eliminate homelessness for hundreds of school children."
1517854968,Mon Feb 05 2018 18:22:48 GMT+0000 (Coordinated Universal Time),164,240,50,106,1,"Cops are overzealous in BG. So little crime they try to create trouble. Need to ease off. This city is plenty safe."
1517855045,Mon Feb 05 2018 18:24:05 GMT+0000 (Coordinated Universal Time),165,240,375,63,1,"Wish the airport would get better flights. WheelsUp was cool but need more locations. Sad Owensboro is so far ahead there."
1517861959,Mon Feb 05 2018 20:19:19 GMT+0000 (Coordinated Universal Time),197,289,1,0,-1,"Bowling Green needs a Fairness Ordinance."
1517862348,Mon Feb 05 2018 20:25:48 GMT+0000 (Coordinated Universal Time),202,277,179,51,1,"Residential Parking Permits for areas near WKU. We can rescue our yards from parking. We pay property taxes for the students' convenience,"
1517862477,Mon Feb 05 2018 20:27:57 GMT+0000 (Coordinated Universal Time),204,277,89,61,1,"Why has the Police stop enforcing parking regulations? Park any way any direction. Is it time for a separate Traffic Enforcement Division?"
1517864783,Mon Feb 05 2018 21:06:23 GMT+0000 (Coordinated Universal Time),215,305,486,59,1,"A clean, efficient public transportation system would be a huge help to those with limited ability or desire to drive."
1517854287,Mon Feb 05 2018 18:11:27 GMT+0000 (Coordinated Universal Time),154,240,437,67,1,"Every railroad crossing needs an elevating arm. Too many near accidents for something so inexpensive."
1517854079,Mon Feb 05 2018 18:07:59 GMT+0000 (Coordinated Universal Time),151,240,192,126,1,"We should think about moving the airport. Too much high dollar land going to waste right now."
1517854043,Mon Feb 05 2018 18:07:23 GMT+0000 (Coordinated Universal Time),150,240,204,42,1,"We need look for a Natcher connection on Three Springs or Elrod Rd"
1517854015,Mon Feb 05 2018 18:06:55 GMT+0000 (Coordinated Universal Time),149,240,341,43,1,"Why isn't Nashville Rd between the roundabout and Campbell Ln wider? Getting stuck there at 5 o'clock is a plague."
1517853902,Mon Feb 05 2018 18:05:02 GMT+0000 (Coordinated Universal Time),147,240,303,57,1,"The homeless population is getting out of hand. We need to find better methods for curtailing and rehabing and keeping them off the streets."
1517853774,Mon Feb 05 2018 18:02:54 GMT+0000 (Coordinated Universal Time),145,240,217,50,1,"There should be greater checks on our County and City executives. They don't wield too much power but they do wield far too much influence."
1517854888,Mon Feb 05 2018 18:21:28 GMT+0000 (Coordinated Universal Time),162,240,108,115,1,"Like Steamers but hate they ruined that historic building"
1517856528,Mon Feb 05 2018 18:48:48 GMT+0000 (Coordinated Universal Time),167,166,280,41,1,"Unelected school board officials should not have the power to create, add, or increase ""school taxes""."
1517859013,Mon Feb 05 2018 19:30:13 GMT+0000 (Coordinated Universal Time),170,259,389,97,1,"Bowling Green should pass the Uniform Residential Landlord and Tenant Act (or URLTA) to ensure basic standards for landlords and tenants."
1517860973,Mon Feb 05 2018 20:02:53 GMT+0000 (Coordinated Universal Time),181,274,369,46,1,"The university and city should develop stronger mutually beneficial partnerships."
1517860989,Mon Feb 05 2018 20:03:09 GMT+0000 (Coordinated Universal Time),183,272,487,59,1,"We should focus downtown development dollars on rehabilitation and reuse of buildings that can be done so, rather than building new."
1517861035,Mon Feb 05 2018 20:03:55 GMT+0000 (Coordinated Universal Time),185,274,489,261,1,"Refugee neighbors enrich our city's landscape and we should find more ways to welcome and integrate them into the life of the city."
1517861204,Mon Feb 05 2018 20:06:44 GMT+0000 (Coordinated Universal Time),191,272,380,106,1,"Increase green spaces, especially near mall, to decrease congestion and improve ""green"" status"
1517861153,Mon Feb 05 2018 20:05:53 GMT+0000 (Coordinated Universal Time),190,278,389,87,1,"Institute a business development grant that encourages WKU grads to stay in Bowling Green by starting local businesses."
1517861363,Mon Feb 05 2018 20:09:23 GMT+0000 (Coordinated Universal Time),193,284,30,57,1,"A favorite place to visit (elsewhere) is a park filled with gently used toys (donated).  It inspires imagination, creativity and sharing."
1517861754,Mon Feb 05 2018 20:15:54 GMT+0000 (Coordinated Universal Time),194,291,1,0,-1,"More choices when it comes to internet. BGMU has been offering service to businesses for a while, they should expand to offer to residents."
1517862188,Mon Feb 05 2018 20:23:08 GMT+0000 (Coordinated Universal Time),199,289,151,147,1,"Bowling Green needs to enforce the separation of church and state and impose taxes on churches that politic from the pulpit"
1517861074,Mon Feb 05 2018 20:04:34 GMT+0000 (Coordinated Universal Time),188,272,1,0,-1,"Better ordinances on keeping animals on leashes or in fenced areas. Relaxed restrictions on fencing in HOAs to promote it."
1517860034,Mon Feb 05 2018 19:47:14 GMT+0000 (Coordinated Universal Time),173,265,1,0,-1,"A second Chick-fil-A should be built at the entrance of South Glen Gables across from South Warren High School"
1517862697,Mon Feb 05 2018 20:31:37 GMT+0000 (Coordinated Universal Time),208,298,293,34,1,"BG has a bad problem with littering.  My husband and I fill up to 5 recycle bins every week between downtown and campus, cleaning it all up."
1517864970,Mon Feb 05 2018 21:09:30 GMT+0000 (Coordinated Universal Time),217,305,1,0,-1,"A fairness ordinance and implementation of tenant's rights would make this community more progressive and fair."
1517865135,Mon Feb 05 2018 21:12:15 GMT+0000 (Coordinated Universal Time),218,308,438,86,1,"Developing more bike trails into surrounding areas of the city would allow for a more developed both transport and recreational experiences"
1517865774,Mon Feb 05 2018 21:22:54 GMT+0000 (Coordinated Universal Time),220,314,391,89,1,"Stronger tenant and renters rights. Landlord accountability for keeping properties in good shape. So many overpriced dilapidated rentals."
1517865748,Mon Feb 05 2018 21:22:28 GMT+0000 (Coordinated Universal Time),219,313,147,80,1,"New home zoning should be for single family dwellings rather than multi-family units (apartments)."
1517854325,Mon Feb 05 2018 18:12:05 GMT+0000 (Coordinated Universal Time),155,240,471,28,1,"We need to promote competition in town for Charter. AT&T isn't much better and doesn't serve everywhere. Need more fiber to the homes."
1517853461,Mon Feb 05 2018 17:57:41 GMT+0000 (Coordinated Universal Time),140,240,247,74,1,"Big names and corporations get away with too much. We need fairer regulation and level playing fields for the small and big guys alike."
1517854578,Mon Feb 05 2018 18:16:18 GMT+0000 (Coordinated Universal Time),156,240,348,124,1,"The intersection at Taco Bell and KFC is a nightmare"
1517854634,Mon Feb 05 2018 18:17:14 GMT+0000 (Coordinated Universal Time),157,240,310,110,1,"We need more businesses like White Squirrel and Nats in BG. They add character to our town. Done with the Olive Garden and Belks."
1517854706,Mon Feb 05 2018 18:18:26 GMT+0000 (Coordinated Universal Time),158,240,315,62,1,"SKYPAC needs to bring in younger, more entertaining acts. It will fall apart if they keep only catering to 50+. Could be a great venue."
1517854844,Mon Feb 05 2018 18:20:44 GMT+0000 (Coordinated Universal Time),161,240,1,0,-1,"We should have some riverwalk like Owensboro has. Would embrace Bowling Green's character and provide place for City activities."
1517857017,Mon Feb 05 2018 18:56:57 GMT+0000 (Coordinated Universal Time),168,253,416,20,1,"When resurfacing a roadway, attention should be given to making the manhole covers level with the new surface."
1517855097,Mon Feb 05 2018 18:24:57 GMT+0000 (Coordinated Universal Time),166,240,1,0,-1,"Why on earth is the road closed between Shawnee and Patton Way? Getting from there to Nashville Rd takes 3 times as long."
1517860844,Mon Feb 05 2018 20:00:44 GMT+0000 (Coordinated Universal Time),177,274,542,75,1,"People in Bowling Green should not be discriminated against based on their sexual orientation."
1517860615,Mon Feb 05 2018 19:56:55 GMT+0000 (Coordinated Universal Time),175,271,1,0,-1,"Please pass a Fairness Ordinance!"
1517860964,Mon Feb 05 2018 20:02:44 GMT+0000 (Coordinated Universal Time),180,264,426,72,1,"Bowling Green needs Community Enrichment Classes that include woodworking, welding, gardening and general home beautification for hobbyist."
1517861821,Mon Feb 05 2018 20:17:01 GMT+0000 (Coordinated Universal Time),196,289,477,87,1,"Bowling Green needs to attract business like Costco and Trader Joe's to keep residents from driving to Nashville on weekends"
1517862519,Mon Feb 05 2018 20:28:39 GMT+0000 (Coordinated Universal Time),206,0,241,86,1,"Better ordinances on keeping animals on leashes or in fenced areas are needed."
1517862595,Mon Feb 05 2018 20:29:55 GMT+0000 (Coordinated Universal Time),207,0,120,42,1,"Relax restrictions on fencing in Home Owners Associations to promote people keeping animals on leashes or in fenced yards."
1517862497,Mon Feb 05 2018 20:28:17 GMT+0000 (Coordinated Universal Time),205,282,267,122,1,"Refugees and immigrants are welcome next door."
1517864572,Mon Feb 05 2018 21:02:52 GMT+0000 (Coordinated Universal Time),213,305,324,114,1,"We need to make it worthwhile for builders to create more quality affordable rental units for residents, rather than more luxury units."
1517862993,Mon Feb 05 2018 20:36:33 GMT+0000 (Coordinated Universal Time),209,301,325,65,1,"Traffic improvement on the so-called Bypass.  Most cities actually have a bypass.  Bowling Green doesn't have one."
1517863371,Mon Feb 05 2018 20:42:51 GMT+0000 (Coordinated Universal Time),210,265,6,8,-1,"Someone needs to recruit Aldi to build a store on Nashville Road next to SWHS to serve the growing neighborhoods in the area."
1517859339,Mon Feb 05 2018 19:35:39 GMT+0000 (Coordinated Universal Time),171,261,259,43,1,"Bowling Green should spend less time redoing the same sidewalks over and over again and focus on the areas that actually need improvement."
1517861106,Mon Feb 05 2018 20:05:06 GMT+0000 (Coordinated Universal Time),189,278,386,157,1,"Encourage local business development with grants, etc. For a city this size, it is ridiculous that we have basically one local coffee shop!"
1517862441,Mon Feb 05 2018 20:27:21 GMT+0000 (Coordinated Universal Time),203,0,197,82,1,"Sidewalks are needed along Gary Farms Blvd"
1517864871,Mon Feb 05 2018 21:07:51 GMT+0000 (Coordinated Universal Time),216,307,1,0,-1,"A second Chick-fil-A location should be built at the entrance of South Glen Gables across from South Warren High School."
1517863553,Mon Feb 05 2018 20:45:53 GMT+0000 (Coordinated Universal Time),211,295,1,0,-1,"BG/WC won't be able to do much because so much of this forum is full of crap that has nothing to do with city/county governments."
1517864633,Mon Feb 05 2018 21:03:53 GMT+0000 (Coordinated Universal Time),214,305,526,87,1,"More bike trails and walking trails would be a great addition."
1517857845,Mon Feb 05 2018 19:10:45 GMT+0000 (Coordinated Universal Time),169,256,1,0,-1,"Arcade Bar"
1517859957,Mon Feb 05 2018 19:45:57 GMT+0000 (Coordinated Universal Time),172,0,43,27,1,"The road closure between Shawnee and Patton Way makes access to Nashville Rd take 3 times as long and is a major annoyance."
1517860924,Mon Feb 05 2018 20:02:04 GMT+0000 (Coordinated Universal Time),179,279,406,116,1,"Zoning changes should only be made with the consent of a majority of the neighbors in the affected area."
1517861044,Mon Feb 05 2018 20:04:04 GMT+0000 (Coordinated Universal Time),186,278,1,0,-1,"Time the traffic lights correctly."
1517861023,Mon Feb 05 2018 20:03:43 GMT+0000 (Coordinated Universal Time),184,272,442,104,1,"Install new sidewalks along major roads, like Three Springs, and city-wide bike routes, to decrease likelihood of accidents"
1517861779,Mon Feb 05 2018 20:16:19 GMT+0000 (Coordinated Universal Time),195,289,1,0,-1,"Bowling Green needs far more bike paths AND to put sidewalks along Gary Farms Blvd"
1517860154,Mon Feb 05 2018 19:49:14 GMT+0000 (Coordinated Universal Time),174,92,282,78,1,"Bowling Green needs stricter code enforcement on property use and condition in some neighborhoods."
1517860910,Mon Feb 05 2018 20:01:50 GMT+0000 (Coordinated Universal Time),178,274,344,40,1,"It would be great if people in neighborhoods could get to know each other better and neighborhoods were like small communities of neighbors."
1517861047,Mon Feb 05 2018 20:04:07 GMT+0000 (Coordinated Universal Time),187,272,354,58,1,"Better incorporation of university resources in community, including Kentucky Museum."
1517861995,Mon Feb 05 2018 20:19:55 GMT+0000 (Coordinated Universal Time),198,289,1,0,-1,"Bowling Green needs more competitive cable and internet rates."
1517862288,Mon Feb 05 2018 20:24:48 GMT+0000 (Coordinated Universal Time),201,0,481,17,1,"Bowling Green needs more competitive internet rates."
1517862279,Mon Feb 05 2018 20:24:39 GMT+0000 (Coordinated Universal Time),200,0,550,24,1,"Bowling Green needs more competitive cable rates."
1517864333,Mon Feb 05 2018 20:58:53 GMT+0000 (Coordinated Universal Time),212,299,308,110,1,"Leash laws should be more strictly enforced in both the city and county"
1517869237,Mon Feb 05 2018 22:20:37 GMT+0000 (Coordinated Universal Time),222,290,411,76,1,"Develop the Greenway so that the paved trail is continuous and reaches major parts of the city including the square, WKU, GM, and others."
1517869925,Mon Feb 05 2018 22:32:05 GMT+0000 (Coordinated Universal Time),223,322,144,60,1,"Rent is too expensive inside the city limits."
1517870976,Mon Feb 05 2018 22:49:36 GMT+0000 (Coordinated Universal Time),228,323,417,26,1,"We need to grow the internet infrastructure particularly in growing areas of the county like Alvaton."
1517870888,Mon Feb 05 2018 22:48:08 GMT+0000 (Coordinated Universal Time),227,323,192,120,1,"We need to block left turns on the busy parts of the by-pass so people don't block everyone else trying to turn."
1517870783,Mon Feb 05 2018 22:46:23 GMT+0000 (Coordinated Universal Time),226,323,111,29,1,"The WKU Nursing Program should be expanded so we have more nurses"
1517870604,Mon Feb 05 2018 22:43:24 GMT+0000 (Coordinated Universal Time),224,324,1,0,-1,"More food options (Chick-fil-A, Wendy's or Steak 'n Shake, etc) would be nice at the entrance of South Glen Gables on Nashville Road."
1517871214,Mon Feb 05 2018 22:53:34 GMT+0000 (Coordinated Universal Time),229,189,300,87,1,"Internet services should be a public municipality."
1517876025,Tue Feb 06 2018 00:13:45 GMT+0000 (Coordinated Universal Time),230,329,50,119,1,"The Fairness Ordinance, as currently proposed, poses insufficient protection for religious conscience and should be revised accordingly."
1517876281,Tue Feb 06 2018 00:18:01 GMT+0000 (Coordinated Universal Time),231,329,160,128,1,"Bowling Green has many excellent non-public schools; more should be done to make these options available to diverse and low-income families."
1517884850,Tue Feb 06 2018 02:40:50 GMT+0000 (Coordinated Universal Time),232,36,238,145,1,"City had 109 homeless students in 2017, County Had 112.  Housing those families temporarily is worth raising tax rate from 1.85% to 1.91%."
1517886931,Tue Feb 06 2018 03:15:31 GMT+0000 (Coordinated Universal Time),235,340,1,0,-1,"Better public transport. Actually teach HS students useful things. Legalize medical marijuana. Invest in the youth."
1517889926,Tue Feb 06 2018 04:05:26 GMT+0000 (Coordinated Universal Time),236,0,227,18,1,"Actually teach HS students useful things."
1517889939,Tue Feb 06 2018 04:05:39 GMT+0000 (Coordinated Universal Time),237,0,315,33,1,"Invest in the youth."
1517890212,Tue Feb 06 2018 04:10:12 GMT+0000 (Coordinated Universal Time),240,345,46,40,1,"District judges are biased towards large local companies to the detriment of individuals."
1517890113,Tue Feb 06 2018 04:08:33 GMT+0000 (Coordinated Universal Time),239,345,1,0,-1,"Graves Gilbert doctors order too many tests."
1517885189,Tue Feb 06 2018 02:46:29 GMT+0000 (Coordinated Universal Time),233,36,127,86,1,"7% of Paker-Bennett &  3.7% of Bristow homeless. I will pay 6 cents per $100 income to end homelessness for school-age families via Apt. $"
1517885408,Tue Feb 06 2018 02:50:08 GMT+0000 (Coordinated Universal Time),234,36,1,0,-1,"2015-2016 Budget included 42 Million in occupational taxes.  Take it to 43.5 million, $500 rent for student homeless fam. @ 1.91% occ. tax"
1517900002,Tue Feb 06 2018 06:53:22 GMT+0000 (Coordinated Universal Time),243,8,368,64,1,"Funding and support should be given to the existing BG buses, to expand their service area and improve accessibility."
1517899888,Tue Feb 06 2018 06:51:28 GMT+0000 (Coordinated Universal Time),242,8,91,98,1,"Rental property taxes should be reduced for private landlords to encourage them to develop more, as opposed to large ones like Chandler."
1517899762,Tue Feb 06 2018 06:49:22 GMT+0000 (Coordinated Universal Time),241,8,362,42,1,"We need to focus more on the existing housing in BG, including renovations and improvements."
1517890036,Tue Feb 06 2018 04:07:16 GMT+0000 (Coordinated Universal Time),238,345,1,0,-1,"Graves Gilbert Clinic has developed a monopoly on healthcare in Warren County and has driven away many skilled providers, decreasing choice."
1517923369,Tue Feb 06 2018 13:22:49 GMT+0000 (Coordinated Universal Time),244,360,327,37,1,"Develop a manufacturing Work training program for jail inmates that qualify"
1517926356,Tue Feb 06 2018 14:12:36 GMT+0000 (Coordinated Universal Time),246,0,57,41,1,"Some local doctors order too many tests."
1517928402,Tue Feb 06 2018 14:46:42 GMT+0000 (Coordinated Universal Time),248,365,193,78,1,"Shopping should be spread across all four corners of the county, so the traffic on Scottsville rd and Campbell lane will be improved."
1517930499,Tue Feb 06 2018 15:21:39 GMT+0000 (Coordinated Universal Time),249,372,1,0,-1,"we pay taxes but we dont get a force"
1517926179,Tue Feb 06 2018 14:09:39 GMT+0000 (Coordinated Universal Time),245,210,307,88,1,"With jails crowded, it seems many are first time offenders of crimes that hurt no one, nor property. Seems rehab would be better."
1517933395,Tue Feb 06 2018 16:09:55 GMT+0000 (Coordinated Universal Time),251,380,431,109,1,"Make it a walking city. Sidewalks along the main avenues (scottsville rd, campbell ln, 31 bypass) with plants, benches, art pieces."
1517933035,Tue Feb 06 2018 16:03:55 GMT+0000 (Coordinated Universal Time),250,277,159,55,1,"When you prioritize the safety of people over automobile speed, all kinds of positive things happen. #slowthecars"
1517935287,Tue Feb 06 2018 16:41:27 GMT+0000 (Coordinated Universal Time),255,383,1,0,-1,"Immigrants and refugees are part of our local economy and society. We should make them feel welcomed."
1517935133,Tue Feb 06 2018 16:38:53 GMT+0000 (Coordinated Universal Time),254,383,1,0,-1,"Bring Trader Joe's to BG!"
1517935102,Tue Feb 06 2018 16:38:22 GMT+0000 (Coordinated Universal Time),253,383,1,0,-1,"We need en efficient public transportation system."
1517934939,Tue Feb 06 2018 16:35:39 GMT+0000 (Coordinated Universal Time),252,383,1,0,-1,"Develop sidewalks and bike paths. Create neighborhoods where people likes to socialize. Encourage local businesses, restaurants and cafes."
1517936691,Tue Feb 06 2018 17:04:51 GMT+0000 (Coordinated Universal Time),256,387,339,70,1,"BG needs more Summer weekend festivals/activities"
1517939929,Tue Feb 06 2018 17:58:49 GMT+0000 (Coordinated Universal Time),257,391,1,0,-1,"This forum is corrupt. Several submitted comments that were filtered out. No political agenda, just very specific public needs silenced."
1517942288,Tue Feb 06 2018 18:38:08 GMT+0000 (Coordinated Universal Time),258,323,376,83,1,"Busy roads like the by pass either need turn lanes or block left hand turns except at stop lights."
1517956450,Tue Feb 06 2018 22:34:10 GMT+0000 (Coordinated Universal Time),298,443,1,0,-1,"Recycling center moved out of town."
1517943542,Tue Feb 06 2018 18:59:02 GMT+0000 (Coordinated Universal Time),267,393,333,261,1,"Higher minimum wage"
1517951662,Tue Feb 06 2018 21:14:22 GMT+0000 (Coordinated Universal Time),280,413,97,65,1,"The feeder road at Shive Lane and Scottsville Road need to be closed off. It is very dangerous."
1517952817,Tue Feb 06 2018 21:33:37 GMT+0000 (Coordinated Universal Time),285,439,175,33,1,"Bowling Green should try to emulate Owensboro's Friday night programs downtown."
1517952272,Tue Feb 06 2018 21:24:32 GMT+0000 (Coordinated Universal Time),282,411,214,38,1,"Many drivers fail to stop as traffic lights turn red.  As many as 3 cars will travel through an intersection after light has changed to red."
1517955576,Tue Feb 06 2018 22:19:36 GMT+0000 (Coordinated Universal Time),294,8,1,0,-1,"There are way too many lights along Scottsville Road, and it negatively impacts traffic flow at all times of day."
1517955857,Tue Feb 06 2018 22:24:17 GMT+0000 (Coordinated Universal Time),296,428,1,0,-1,"We need Drivers Education to be required to get a license, our drivers are terrible, and more officers observing intersections."
1517954248,Tue Feb 06 2018 21:57:28 GMT+0000 (Coordinated Universal Time),289,453,45,62,1,"If we cut a major program, WKU would lose in the revenue the program brings in, ultimately costing more money."
1517955510,Tue Feb 06 2018 22:18:30 GMT+0000 (Coordinated Universal Time),293,8,202,54,1,"There are intersections such as the access road along Scottsville that to be reworked, possibly into roundabout or similar designs."
1517943736,Tue Feb 06 2018 19:02:16 GMT+0000 (Coordinated Universal Time),269,393,176,58,1,"Encourage connection between the wealthy and the poor"
1517943319,Tue Feb 06 2018 18:55:19 GMT+0000 (Coordinated Universal Time),260,393,157,110,1,"Rental assistance programs"
1517949919,Tue Feb 06 2018 20:45:19 GMT+0000 (Coordinated Universal Time),278,0,42,40,1,"city officials might look into layoff practices on jobs in bowling green ky"
1517955193,Tue Feb 06 2018 22:13:13 GMT+0000 (Coordinated Universal Time),292,456,454,52,1,"Spectrum should have competition and not a monopoly. Rates should be regulated by city county government"
1517961089,Tue Feb 06 2018 23:51:29 GMT+0000 (Coordinated Universal Time),304,470,1,0,-1,"Loding"
1517972723,Wed Feb 07 2018 03:05:23 GMT+0000 (Coordinated Universal Time),316,492,305,50,1,"Go to underground utilities. Scottsville rd and the by-pass look awful."
1517943333,Tue Feb 06 2018 18:55:33 GMT+0000 (Coordinated Universal Time),261,393,1,0,-1,"More sidewalks!"
1517947035,Tue Feb 06 2018 19:57:15 GMT+0000 (Coordinated Universal Time),275,403,382,46,1,"We need urban planning to ensure that mixed use housing, shopping and new neighborhoods are created to make our community better"
1517943385,Tue Feb 06 2018 18:56:25 GMT+0000 (Coordinated Universal Time),262,393,364,54,1,"More technical education programs for non-graduates of high school"
1517943427,Tue Feb 06 2018 18:57:07 GMT+0000 (Coordinated Universal Time),263,393,294,48,1,"Post-secondary training programs for special education students."
1517944337,Tue Feb 06 2018 19:12:17 GMT+0000 (Coordinated Universal Time),271,372,1,2,-1,"employers  if there was a law pay back on bad lay off and cut back"
1517953687,Tue Feb 06 2018 21:48:07 GMT+0000 (Coordinated Universal Time),287,437,53,35,1,"parks and rec should promote and support pickleball for older citizens"
1517958877,Tue Feb 06 2018 23:14:37 GMT+0000 (Coordinated Universal Time),300,462,137,45,1,"Parking lots should be monitored to prevent illegal parking in handicap spaces."
1517975424,Wed Feb 07 2018 03:50:24 GMT+0000 (Coordinated Universal Time),324,493,209,79,1,"Local fuel prices need to investigated."
1517943437,Tue Feb 06 2018 18:57:17 GMT+0000 (Coordinated Universal Time),264,393,54,101,1,"Arts-based charter schools"
1517952797,Tue Feb 06 2018 21:33:17 GMT+0000 (Coordinated Universal Time),284,375,1,0,-1,"Get rid of anonymous submissions to cut back on the malarkey in here."
1517943477,Tue Feb 06 2018 18:57:57 GMT+0000 (Coordinated Universal Time),265,393,258,66,1,"Improved businesses such as banks and groceries in lowest income areas"
1517948677,Tue Feb 06 2018 20:24:37 GMT+0000 (Coordinated Universal Time),276,0,357,63,1,"Bike lanes that are wide enough to safely ride on without fear of being hit by passing cars."
1517956259,Tue Feb 06 2018 22:30:59 GMT+0000 (Coordinated Universal Time),297,443,229,71,1,"There should be something a work farm for local prisoners to learn to tend gardens, take care of livestock, and learn to be more useful."
1517958833,Tue Feb 06 2018 23:13:53 GMT+0000 (Coordinated Universal Time),299,460,317,134,1,"The money I earn & spend is all done within the city limits but as a county resident I have NO voice/vote in city politics. Needs to change!"
1517963849,Wed Feb 07 2018 00:37:29 GMT+0000 (Coordinated Universal Time),308,476,299,34,1,"Work needs to be done on improving litter pick up and encouraging people dispose of their litter correctly."
1517974242,Wed Feb 07 2018 03:30:42 GMT+0000 (Coordinated Universal Time),321,493,193,109,1,"The Bowling Green/Warren County Airport needs to be relocated outside of the city limits."
1517973905,Wed Feb 07 2018 03:25:05 GMT+0000 (Coordinated Universal Time),320,493,357,28,1,"The Barren River water front needs to be improved on both sides of the river and include  canoeing and kayaking water features in the river."
1517944540,Tue Feb 06 2018 19:15:40 GMT+0000 (Coordinated Universal Time),272,372,71,62,1,"big projeck in city sould be vote by people"
1517943573,Tue Feb 06 2018 18:59:33 GMT+0000 (Coordinated Universal Time),268,393,389,79,1,"More public transportation options--be creative"
1517943292,Tue Feb 06 2018 18:54:52 GMT+0000 (Coordinated Universal Time),259,393,1,0,-1,"Expanded bus system"
1517943534,Tue Feb 06 2018 18:58:54 GMT+0000 (Coordinated Universal Time),266,393,355,41,1,"Job training programs for lower income"
1517949844,Tue Feb 06 2018 20:44:04 GMT+0000 (Coordinated Universal Time),277,0,15,42,1,"if there was a law for employers to pay back on bad layoffs and cutbacks"
1517944218,Tue Feb 06 2018 19:10:18 GMT+0000 (Coordinated Universal Time),270,372,1,0,-1,"city official  might look in to lay off on jobs in bowling green ky"
1517960970,Tue Feb 06 2018 23:49:30 GMT+0000 (Coordinated Universal Time),303,470,1,0,-1,"Strongly agree. Not passing Fairness shows contempt & a failure to protect 15% of our citizens."
1517965713,Wed Feb 07 2018 01:08:33 GMT+0000 (Coordinated Universal Time),311,0,135,79,1,"There should be more officers observing intersections."
1517944992,Tue Feb 06 2018 19:23:12 GMT+0000 (Coordinated Universal Time),273,402,331,54,1,"I hope BG can one day link the short, scattered bicycle paths."
1517946751,Tue Feb 06 2018 19:52:31 GMT+0000 (Coordinated Universal Time),274,403,1,0,-1,"More connected bike lanes that are wide enough to safely ride on without fear of being hit by passing cars"
1517951040,Tue Feb 06 2018 21:04:00 GMT+0000 (Coordinated Universal Time),279,410,409,38,1,"New developments should help pay to widen the roads in the areas where they are increasing traffic."
1517952244,Tue Feb 06 2018 21:24:04 GMT+0000 (Coordinated Universal Time),281,404,1,0,-1,"Bowling Green needs a fairness ordinance to protect the community against discrimination"
1517952548,Tue Feb 06 2018 21:29:08 GMT+0000 (Coordinated Universal Time),283,428,242,96,1,"Driving in this town very dangerous, Drivers Education classes should be required for all new drivers!!!"
1517953108,Tue Feb 06 2018 21:38:28 GMT+0000 (Coordinated Universal Time),286,434,367,92,1,"The entire bypass area is an eyesore and there needs to be a concerted effort like a TIF to revitalize this crucial part of town."
1517954062,Tue Feb 06 2018 21:54:22 GMT+0000 (Coordinated Universal Time),288,453,1,0,-1,"If it were remodeled, it shouldn’t be by tax dollars because it is not owned by the city or county."
1517954386,Tue Feb 06 2018 21:59:46 GMT+0000 (Coordinated Universal Time),290,453,1,0,-1,"Broadband should be expanded to places like Rockfield, Woodburn, and Alvaton."
1517955767,Tue Feb 06 2018 22:22:47 GMT+0000 (Coordinated Universal Time),295,8,400,36,1,"Our city should make a bid for Google Fiber to help compete with Spectrum and AT&T."
1517959981,Tue Feb 06 2018 23:33:01 GMT+0000 (Coordinated Universal Time),302,460,430,58,1,"Recycling services need to be expanded & improved. With growing population, think of how much land will become dump sites...Ridiculous!"
1517926616,Tue Feb 06 2018 14:16:56 GMT+0000 (Coordinated Universal Time),247,210,446,14,1,"competition for cable companies and an end to heir price gouging."
1517971299,Wed Feb 07 2018 02:41:39 GMT+0000 (Coordinated Universal Time),315,491,302,46,1,"Local food and small farms are one of BG best attractions."
1517961451,Tue Feb 06 2018 23:57:31 GMT+0000 (Coordinated Universal Time),306,470,1,0,-1,"Truly. Doubt it. If true erase it. Prohibition ended years ago."
1517959197,Tue Feb 06 2018 23:19:57 GMT+0000 (Coordinated Universal Time),301,460,279,54,1,"Planning & Zoning need to do a better job of listening & working with residents. It's not next to their house, so they don't care!"
1517967787,Wed Feb 07 2018 01:43:07 GMT+0000 (Coordinated Universal Time),313,487,88,55,1,"Bowling Green needs ev car charging stations. There are none available unless you own a Tesla."
1517972768,Wed Feb 07 2018 03:06:08 GMT+0000 (Coordinated Universal Time),317,492,40,67,1,"Footbridge from airport to across the street. Pilots running across the road."
1517973648,Wed Feb 07 2018 03:20:48 GMT+0000 (Coordinated Universal Time),318,493,294,31,1,"Traffic congestion on Fairview Ave and Cemetery Rd needs to be improved during evening rush hours."
1517974575,Wed Feb 07 2018 03:36:15 GMT+0000 (Coordinated Universal Time),323,493,334,277,1,"Refugees should be required to learn and speak english."
1517955178,Tue Feb 06 2018 22:12:58 GMT+0000 (Coordinated Universal Time),291,428,1,0,-1,"Drivers Education classes should be required!!!"
1517965747,Wed Feb 07 2018 01:09:07 GMT+0000 (Coordinated Universal Time),312,0,33,58,1,"Recycling centers should be moved out of town."
1517961278,Tue Feb 06 2018 23:54:38 GMT+0000 (Coordinated Universal Time),305,470,1,0,-1,"Merging governments should be considered."
1517961949,Wed Feb 07 2018 00:05:49 GMT+0000 (Coordinated Universal Time),307,470,1,0,-1,"Trickle down never works."
1517964136,Wed Feb 07 2018 00:42:16 GMT+0000 (Coordinated Universal Time),309,474,65,42,1,"I feel Bowling Green could benefit with an additional ambulance service.  Quicker response, and possibly a lower payment when used."
1517964972,Wed Feb 07 2018 00:56:12 GMT+0000 (Coordinated Universal Time),310,480,1,0,-1,"Bowling Green needs to address its litter problem.  A little effort on everyone's part would class up our city."
1517971271,Wed Feb 07 2018 02:41:11 GMT+0000 (Coordinated Universal Time),314,491,196,60,1,"BG can link/support hotel/food, recreational/cultural venues in a Tourism Passport, giving discounts when at least 3 are purchased together."
1517973703,Wed Feb 07 2018 03:21:43 GMT+0000 (Coordinated Universal Time),319,493,106,96,1,"Bowling Green is in need of an ice rink for recreation and sport."
1517974400,Wed Feb 07 2018 03:33:20 GMT+0000 (Coordinated Universal Time),322,493,72,57,1,"WKU should consider building a parking structure at the Chestnut St lot."
1518004034,Wed Feb 07 2018 11:47:14 GMT+0000 (Coordinated Universal Time),325,512,1,0,-1,"The expansion of BGMU's fiber optic internet to include residential service would be good for the existing market (oligopoly) and citizens."
1518009485,Wed Feb 07 2018 13:18:05 GMT+0000 (Coordinated Universal Time),327,518,1,0,-1,"Some of these statements are designed to trick me."
1518006140,Wed Feb 07 2018 12:22:20 GMT+0000 (Coordinated Universal Time),326,452,45,30,1,"Some of the roads in the city are not wide enough to put sidewalks in but they do anyway catherine dr is ridiculous"
1518015525,Wed Feb 07 2018 14:58:45 GMT+0000 (Coordinated Universal Time),338,546,1,0,-1,"Excellent Survey Form."
1518015918,Wed Feb 07 2018 15:05:18 GMT+0000 (Coordinated Universal Time),339,540,294,32,1,"city needs to work on water run off when we have a lot of rain.. to many places flood on roadways makes driving very dangerous.."
1518012754,Wed Feb 07 2018 14:12:34 GMT+0000 (Coordinated Universal Time),337,532,1,0,-1,"Marijuana should be legalized and taxed."
1518012240,Wed Feb 07 2018 14:04:00 GMT+0000 (Coordinated Universal Time),335,525,1,0,-1,"Money is the issue and the governor & state legislators are to blame."
1518011840,Wed Feb 07 2018 13:57:20 GMT+0000 (Coordinated Universal Time),334,531,1,0,-1,"Consolidate city and county governments and schools to have a cohesive budget and vision but also to reduce expenses."
1518011563,Wed Feb 07 2018 13:52:43 GMT+0000 (Coordinated Universal Time),333,525,1,0,-1,"Metro Govt. could be the answer."
1518011427,Wed Feb 07 2018 13:50:27 GMT+0000 (Coordinated Universal Time),332,525,1,0,-1,"Already have a good one on the by-pass."
1518011357,Wed Feb 07 2018 13:49:17 GMT+0000 (Coordinated Universal Time),331,525,1,0,-1,"Small homes are a good answer for our homeless."
1518011214,Wed Feb 07 2018 13:46:54 GMT+0000 (Coordinated Universal Time),330,525,1,0,-1,"How ridiculous!  You know a similar statement was said about African-American citizens and Hitler said it too & exterminated homosexuals."
1518010911,Wed Feb 07 2018 13:41:51 GMT+0000 (Coordinated Universal Time),329,525,13,96,1,"Most drugs except meth should be free & government controlled. See Belgium."
1518010222,Wed Feb 07 2018 13:30:22 GMT+0000 (Coordinated Universal Time),328,521,1,0,-1,"Need more choices in cable TV in the county"
1518016418,Wed Feb 07 2018 15:13:38 GMT+0000 (Coordinated Universal Time),340,462,131,36,1,"Some county roads, such as Hammett Hill Road, are so narrow it's hard for two cars to pass. Surely they could make them a little wider."
1518018265,Wed Feb 07 2018 15:44:25 GMT+0000 (Coordinated Universal Time),341,566,237,47,1,"People want it all, without paying for anything. A healthy community requires taxes people."
1518012435,Wed Feb 07 2018 14:07:15 GMT+0000 (Coordinated Universal Time),336,536,311,47,1,"With drug use being so prevalent in Warren county, better treatment options need to be offered."
1518018832,Wed Feb 07 2018 15:53:52 GMT+0000 (Coordinated Universal Time),343,568,1,0,-1,"Give thought to traffic flow as more businesses and residences are being built"
1518018808,Wed Feb 07 2018 15:53:28 GMT+0000 (Coordinated Universal Time),342,568,1,0,-1,"Keep expanding the Greenways to encourage pedestrian, cycling and other outdoor activity."
1518019190,Wed Feb 07 2018 15:59:50 GMT+0000 (Coordinated Universal Time),347,568,170,56,1,"Take advantage of the wonderful summers in KY and have more outdoor public swimming spaces"
1518019023,Wed Feb 07 2018 15:57:03 GMT+0000 (Coordinated Universal Time),344,569,1,0,-1,"want to get more  into the city"
1518019044,Wed Feb 07 2018 15:57:24 GMT+0000 (Coordinated Universal Time),345,0,209,80,1,"Make all future sidewalks wide enough for multi-use (walking, biking, skateboarding etc)"
1518019088,Wed Feb 07 2018 15:58:08 GMT+0000 (Coordinated Universal Time),346,0,61,93,1,"Multi-use sidewalks should have fixtures for skateboards, bikes like small ramps etc."
1518019194,Wed Feb 07 2018 15:59:54 GMT+0000 (Coordinated Universal Time),348,0,154,68,1,"Extra police, or parking enforcement unit should be on duty during events to maintain legal parking"
1518021192,Wed Feb 07 2018 16:33:12 GMT+0000 (Coordinated Universal Time),349,36,103,18,1,"One should not be able to literally ""buy"" their way into ability to vote in an election in a locality they do not live in.  $ don't buy vote"
1518022888,Wed Feb 07 2018 17:01:28 GMT+0000 (Coordinated Universal Time),350,576,1,0,-1,"The concept of a having a ‘courtesy police’ might be an easy solution to managing the traffic congestion on our major thoroughfares."
1518024073,Wed Feb 07 2018 17:21:13 GMT+0000 (Coordinated Universal Time),351,577,137,79,1,"The airport should be moved to the transpark."
1518024231,Wed Feb 07 2018 17:23:51 GMT+0000 (Coordinated Universal Time),352,0,62,42,1,"Houston ""courtesy police"" maintain safety on access rds enforcing right of way & parking/litter rules, assist traffic flow - we need!"
1518026073,Wed Feb 07 2018 17:54:33 GMT+0000 (Coordinated Universal Time),355,240,76,71,1,"I think we have enough restaurants."
1518026025,Wed Feb 07 2018 17:53:45 GMT+0000 (Coordinated Universal Time),354,240,36,133,1,"Casinos. Bring them here."
1518025995,Wed Feb 07 2018 17:53:15 GMT+0000 (Coordinated Universal Time),353,240,6,124,1,"We need an NBA team. I think we should put the arena where the airport is. Think about it."
1518026094,Wed Feb 07 2018 17:54:54 GMT+0000 (Coordinated Universal Time),356,240,278,64,1,"I wish we had train service to Nashville"
1518027131,Wed Feb 07 2018 18:12:11 GMT+0000 (Coordinated Universal Time),359,0,109,76,1,"Trick or treating should last longer after dark. Many decorations don't show til then. Also start later, parents can't get home in time!"
1518050627,Thu Feb 08 2018 00:43:47 GMT+0000 (Coordinated Universal Time),374,625,1,0,-1,"Traffic flow and better timing of traffic lights . One gets through one light only to have to stop at the next."
1518054683,Thu Feb 08 2018 01:51:23 GMT+0000 (Coordinated Universal Time),379,653,216,22,1,"The city of Bowling Green should enforce their existing noise ordinance."
1518055397,Thu Feb 08 2018 02:03:17 GMT+0000 (Coordinated Universal Time),384,405,1,0,-1,"Bowling Green needs a health food store"
1518062601,Thu Feb 08 2018 04:03:21 GMT+0000 (Coordinated Universal Time),398,706,164,29,1,"Bowling Green would be better if it didn't have the ""Good Ole Boy"" system among so many."
1518026353,Wed Feb 07 2018 17:59:13 GMT+0000 (Coordinated Universal Time),357,0,100,69,1,"An unmanned trolley system, possibly solar, might be better long term than buses for some areas."
1518027445,Wed Feb 07 2018 18:17:25 GMT+0000 (Coordinated Universal Time),362,581,84,64,1,"BG Parks needs more funding  from City"
1518026519,Wed Feb 07 2018 18:01:59 GMT+0000 (Coordinated Universal Time),358,0,50,95,1,"There should never be a leash law in the county - neighborhood dogs protect, play with and teach kids. It was a factor in living in county."
1518027400,Wed Feb 07 2018 18:16:40 GMT+0000 (Coordinated Universal Time),361,581,72,71,1,"City School taxes are too high , they need to budget more"
1518053635,Thu Feb 08 2018 01:33:55 GMT+0000 (Coordinated Universal Time),377,639,55,72,1,"Institutionalize racism is alive and well here. I know because I have experienced it first hand. We need to have a plan."
1518057561,Thu Feb 08 2018 02:39:21 GMT+0000 (Coordinated Universal Time),392,632,267,47,1,"More parking downtown.  There are too many reserved spaces which should be available in the evening."
1518059578,Thu Feb 08 2018 03:12:58 GMT+0000 (Coordinated Universal Time),394,690,96,45,1,"Five lane Cemetery Road from Interchange to By Pass, except four lanes through the Cemetery with median prohibiting left turns."
1518027363,Wed Feb 07 2018 18:16:03 GMT+0000 (Coordinated Universal Time),360,581,1,0,-1,"Traffic is number one problem in Bowling Green"
1518027445,Wed Feb 07 2018 18:17:25 GMT+0000 (Coordinated Universal Time),363,580,1,0,-1,"Apartments are being built all over town, but they are not affordable for the average single person not wanting to live near campus."
1518045320,Wed Feb 07 2018 23:15:20 GMT+0000 (Coordinated Universal Time),370,620,1,0,-1,"Homelessness should be a community effort for all, non-profits, church's, government and individuals"
1518055003,Thu Feb 08 2018 01:56:43 GMT+0000 (Coordinated Universal Time),382,0,193,80,1,"Smoking should not be allowed in public parks."
1518027916,Wed Feb 07 2018 18:25:16 GMT+0000 (Coordinated Universal Time),364,0,217,35,1,"Junking up highways/roadways with signs should not be the primary way tourism is promoted."
1518045047,Wed Feb 07 2018 23:10:47 GMT+0000 (Coordinated Universal Time),369,620,1,0,-1,"Trains and railroads own the right of way in most intersections making it impossible to control when they stop and for how long"
1518057296,Thu Feb 08 2018 02:34:56 GMT+0000 (Coordinated Universal Time),391,641,1,0,-1,"Combine resources of city and county schools by merging to address budget shortfall and improve education for our children"
1518054881,Thu Feb 08 2018 01:54:41 GMT+0000 (Coordinated Universal Time),380,653,3,0,-1,"Smoking should not be allowed within 25 feet of a business or in public parks."
1518055264,Thu Feb 08 2018 02:01:04 GMT+0000 (Coordinated Universal Time),383,666,43,111,1,"Vaping should not be added to the smoking ordinance."
1518059865,Thu Feb 08 2018 03:17:45 GMT+0000 (Coordinated Universal Time),395,690,55,47,1,"City residents do not receive adequate return on County Taxes paid."
1518034967,Wed Feb 07 2018 20:22:47 GMT+0000 (Coordinated Universal Time),365,403,1,0,-1,"Our city is not friendly to pedestrian and bike traffic. More should be done to make it safe and easy to get around on foot and bicycles."
1518044640,Wed Feb 07 2018 23:04:00 GMT+0000 (Coordinated Universal Time),368,619,1,0,-1,"It seems like every time I go to this site its the same statements starting over again."
1518051239,Thu Feb 08 2018 00:53:59 GMT+0000 (Coordinated Universal Time),376,637,1,0,-1,"There are still areas of our county that do not have access to high speed internet."
1518058396,Thu Feb 08 2018 02:53:16 GMT+0000 (Coordinated Universal Time),393,668,1,0,-1,"don't have any"
1518060394,Thu Feb 08 2018 03:26:34 GMT+0000 (Coordinated Universal Time),396,679,1,0,-1,"Bowling Green definitely does Not need a fairness ordinance."
1518062119,Thu Feb 08 2018 03:55:19 GMT+0000 (Coordinated Universal Time),397,704,1,0,-1,"Traffic needs to be addressed. The side streets on Scottsville road are dangerous and should be removed."
1518054989,Thu Feb 08 2018 01:56:29 GMT+0000 (Coordinated Universal Time),381,0,162,74,1,"Smoking should not be allowed within 25 feet of a business."
1518043730,Wed Feb 07 2018 22:48:50 GMT+0000 (Coordinated Universal Time),366,618,379,33,1,"Too many trees have been torn down to make way for new developments. We should re-plant more trees around Bowling Green."
1518044481,Wed Feb 07 2018 23:01:21 GMT+0000 (Coordinated Universal Time),367,620,1,0,-1,"Upgrade to Nashville Rd past roundabout 4-lane is in the state road plan"
1518049914,Thu Feb 08 2018 00:31:54 GMT+0000 (Coordinated Universal Time),373,624,1,0,-1,"The Smokey Bones entrance off of  scottsville Road is extremely dangerous. Needs bet get lighting"
1518047092,Wed Feb 07 2018 23:44:52 GMT+0000 (Coordinated Universal Time),371,620,307,23,1,"Bowling Green is an excellent place to raise a family, shop, worship, get an education, and recreate. I feel safe in most places here in BG."
1518057242,Thu Feb 08 2018 02:34:02 GMT+0000 (Coordinated Universal Time),390,641,1,0,-1,"Enforce leash law in the city"
1518055418,Thu Feb 08 2018 02:03:38 GMT+0000 (Coordinated Universal Time),385,405,1,0,-1,"Bowling Grewn needs it own permanent ice skating/hockey rink"
1518064487,Thu Feb 08 2018 04:34:47 GMT+0000 (Coordinated Universal Time),401,694,1,0,-1,"Merger of City/County governments should greatly reduce expenses, duplicate services, competition, etc."
1518047580,Wed Feb 07 2018 23:53:00 GMT+0000 (Coordinated Universal Time),372,622,1,0,-1,"Too many drivers don’t understand stoplight intersections-If you can’t make it all the way across, don’t leave the intersection."
1518064295,Thu Feb 08 2018 04:31:35 GMT+0000 (Coordinated Universal Time),400,709,121,103,1,"Bowling Green needs an indoor / outdoor sports event complex/"
1518051213,Thu Feb 08 2018 00:53:33 GMT+0000 (Coordinated Universal Time),375,0,25,76,1,"The Smokey Bones entrance off of Scottsville Road is extremely dangerous and needs a traffic light."
1518054325,Thu Feb 08 2018 01:45:25 GMT+0000 (Coordinated Universal Time),378,652,68,24,1,"More sidewalks would be great, but first let’s stop people parking on them.  Or stop spending money building them.  Whichever."
1518056530,Thu Feb 08 2018 02:22:10 GMT+0000 (Coordinated Universal Time),387,669,209,239,1,"NO to the ""Fairness"" Ordinance. Current law is sufficient.  ZERO reported instances where LGBTQ people have been discriminated against in BG"
1518064262,Thu Feb 08 2018 04:31:02 GMT+0000 (Coordinated Universal Time),399,694,1,0,-1,"Merging of City/County schools systems - should help lessen duplicate services, reduce traffic, greater sense of community, less rivalry."
1518056713,Thu Feb 08 2018 02:25:13 GMT+0000 (Coordinated Universal Time),389,669,1,0,-1,"MAGA!"
1518056168,Thu Feb 08 2018 02:16:08 GMT+0000 (Coordinated Universal Time),386,641,248,16,1,"Recruit and retain the best k-13 teachers graduating from WKU"
1518056618,Thu Feb 08 2018 02:23:38 GMT+0000 (Coordinated Universal Time),388,669,1,0,-1,"DON'T VOTE FOR PATTI MINTER.  SHE CALLS ANYONE WHO DISAGREES WITH HER ON ANY SUBJECT A ""RACIST.""  SHE IS LIVES IN FANTASY LAND ON THE HILL."
1518075912,Thu Feb 08 2018 07:45:12 GMT+0000 (Coordinated Universal Time),402,721,1,0,-1,"OK"
1518090045,Thu Feb 08 2018 11:40:45 GMT+0000 (Coordinated Universal Time),404,726,215,47,1,"Temporary housing for the homeless in the community."
1518100607,Thu Feb 08 2018 14:36:47 GMT+0000 (Coordinated Universal Time),405,746,226,43,1,"Allow residence of an area to vote on new developments that might have impact on them opposed to commissioners/magistrates getting kickbacks"
1518101258,Thu Feb 08 2018 14:47:38 GMT+0000 (Coordinated Universal Time),407,746,103,86,1,"BG needs to install traffic cameras that help police intersections like Gallatin, TN.  This would reduce accidents, traffic flow and add $"
1518101256,Thu Feb 08 2018 14:47:36 GMT+0000 (Coordinated Universal Time),406,1,1,0,-1,"A vote should be held on consolidating Warren County and Bowling Green into a metro form of government."
1518102036,Thu Feb 08 2018 15:00:36 GMT+0000 (Coordinated Universal Time),408,756,33,44,1,"BG needs an indoor tennis option"
1518102207,Thu Feb 08 2018 15:03:27 GMT+0000 (Coordinated Universal Time),409,754,140,51,1,"The rental market prices are well beyond an affordable housing level and needs to be addressed given the number of renters in BG."
1518103241,Thu Feb 08 2018 15:20:41 GMT+0000 (Coordinated Universal Time),410,770,162,27,1,"There are no public adult swim facilities in Bowling Green for year around physical use. The Lovers Lane Complex should be made available"
1518104140,Thu Feb 08 2018 15:35:40 GMT+0000 (Coordinated Universal Time),411,771,124,46,1,"Should be an interstate exit for the Woodburn area it could help decrease BG congestion and let people bypass BG all together"
1518105349,Thu Feb 08 2018 15:55:49 GMT+0000 (Coordinated Universal Time),412,762,110,31,1,"A senior living community, designed for 50+ residents rather than 75+ & in failing health residents, is needed — and apparently ignored."
1518106034,Thu Feb 08 2018 16:07:14 GMT+0000 (Coordinated Universal Time),413,769,127,27,1,"BG police should improve officer training and should be held accountable for abuse of power."
1518107630,Thu Feb 08 2018 16:33:50 GMT+0000 (Coordinated Universal Time),414,785,285,14,1,"Mandatory, expensive fines should be implemented for littering and illegal dumping."
1518109167,Thu Feb 08 2018 16:59:27 GMT+0000 (Coordinated Universal Time),415,788,74,43,1,"The intersection of Scottsville road and entrance to Greenview Hospital needs to be widened"
1518110757,Thu Feb 08 2018 17:25:57 GMT+0000 (Coordinated Universal Time),416,796,47,41,1,"Too many apartments in Plano. Nice little country setting I bought my home in forever ruined!"
1518125467,Thu Feb 08 2018 21:31:07 GMT+0000 (Coordinated Universal Time),424,822,1,0,-1,"Crossing arms are not inexpensive."
1518112231,Thu Feb 08 2018 17:50:31 GMT+0000 (Coordinated Universal Time),418,0,21,44,1,"Emergency protective orders should not be able to be obtained regarding claims of an incident from a year ago."
1518132306,Thu Feb 08 2018 23:25:06 GMT+0000 (Coordinated Universal Time),428,838,80,76,1,"Bowling Green needs more indoor sports facilities, particularly a large complex with multiple indoor soccer fields, for youth."
1518111714,Thu Feb 08 2018 17:41:54 GMT+0000 (Coordinated Universal Time),417,797,1,0,-1,"It is time for Metro Government consideration."
1518083940,Thu Feb 08 2018 09:59:00 GMT+0000 (Coordinated Universal Time),403,723,1,0,-1,"The epo system just because a woman wants somebody else don't let her run to court house take epo after a one year"
1518132313,Thu Feb 08 2018 23:25:13 GMT+0000 (Coordinated Universal Time),429,839,113,32,1,"Apartments for 55 and older that are upscale and lovely."
1518152566,Fri Feb 09 2018 05:02:46 GMT+0000 (Coordinated Universal Time),437,860,220,26,1,"Affordable supports for the elderly and aging population are needed in our community."
1518123231,Thu Feb 08 2018 20:53:51 GMT+0000 (Coordinated Universal Time),422,771,96,40,1,"Public school could do alternate teaching styles(like Montessori) in a school within a school set up.  Not all kids learn the same way."
1518122851,Thu Feb 08 2018 20:47:31 GMT+0000 (Coordinated Universal Time),421,771,153,66,1,"High sugar items like pop tarts and chocolate muffins should not be a part of the public school breakfast menu"
1518134689,Fri Feb 09 2018 00:04:49 GMT+0000 (Coordinated Universal Time),430,842,60,22,1,"Need new schools in Warren County to keep up with population growth, CTE is falling down, Drakes and Greenwood high are way overcrowded"
1518130300,Thu Feb 08 2018 22:51:40 GMT+0000 (Coordinated Universal Time),427,834,3,2,-1,"The Uniform Residential Landlord and Tenant Act (URLTA) would make Bowling Green a safer place to live."
1518134908,Fri Feb 09 2018 00:08:28 GMT+0000 (Coordinated Universal Time),431,842,1,0,-1,"Convict Slim Nash of his DUI, it's absurd he got it dismissed"
1518118206,Thu Feb 08 2018 19:30:06 GMT+0000 (Coordinated Universal Time),419,771,91,71,1,"some children with cultural differences or dietary needs cannot eat a typical lunch at school please provide special diet options."
1518149038,Fri Feb 09 2018 04:03:58 GMT+0000 (Coordinated Universal Time),435,854,233,28,1,"many parts of the By-pass can and should be widened"
1518152364,Fri Feb 09 2018 04:59:24 GMT+0000 (Coordinated Universal Time),436,858,200,32,1,"Reducing poverty will enhance the quality of life for everyone in our community regardless of status."
1518122786,Thu Feb 08 2018 20:46:26 GMT+0000 (Coordinated Universal Time),420,771,2,0,-1,"All of Warren County needs access to high speed internet"
1518147997,Fri Feb 09 2018 03:46:37 GMT+0000 (Coordinated Universal Time),433,851,90,32,1,"There should be more opportunities for the arts and sciences in the Housing Authority so the students there can rise above!"
1518124848,Thu Feb 08 2018 21:20:48 GMT+0000 (Coordinated Universal Time),423,820,201,18,1,"BGMU needs to offer residential fiber internet as a UTILITY, using Chattanooga as a perfect example."
1518125783,Thu Feb 08 2018 21:36:23 GMT+0000 (Coordinated Universal Time),425,818,1,0,-1,"Interesting ideas; most not controlled by city government.  Are you willing to pay more taxes for improvements?"
1518129626,Thu Feb 08 2018 22:40:26 GMT+0000 (Coordinated Universal Time),426,834,1,0,-1,"Bowling Green needs more protections for LGBTQ+ citizens, including a Fairness ordinance"
1518142314,Fri Feb 09 2018 02:11:54 GMT+0000 (Coordinated Universal Time),432,847,1,0,-1,"We definitely need more competition in TV cable and in internet access in Warren County."
1518148913,Fri Feb 09 2018 04:01:53 GMT+0000 (Coordinated Universal Time),434,854,1,0,-1,"the whole county needs  better cable rates and service"
1518165039,Fri Feb 09 2018 08:30:39 GMT+0000 (Coordinated Universal Time),438,865,208,42,1,"Term limits should be initiated on county executives."
1518192885,Fri Feb 09 2018 16:14:45 GMT+0000 (Coordinated Universal Time),439,884,1,0,-1,"Many people in Warren County still do not have access to high speed internet. County officials need to attract internet services."
1518194579,Fri Feb 09 2018 16:42:59 GMT+0000 (Coordinated Universal Time),443,881,27,44,1,"Traffic and toxic vehicle dependency should NOT be a topic of priority for this city."
1518194496,Fri Feb 09 2018 16:41:36 GMT+0000 (Coordinated Universal Time),442,822,1,0,-1,"The time has come for metro government."
1518194202,Fri Feb 09 2018 16:36:42 GMT+0000 (Coordinated Universal Time),441,881,134,29,1,"We need mixed-use development in the most disadvantaged areas of BG."
1518193967,Fri Feb 09 2018 16:32:47 GMT+0000 (Coordinated Universal Time),440,881,191,31,1,"We need more mixed-use developments so people live closely to all basic needs. Mix business and residential zones and increase walkability."
1518195506,Fri Feb 09 2018 16:58:26 GMT+0000 (Coordinated Universal Time),448,892,1,0,-1,"Public transport needs to be improved to become more reliable and accessible"
1518195287,Fri Feb 09 2018 16:54:47 GMT+0000 (Coordinated Universal Time),446,892,111,29,1,"A fresh food grocery store to be built in Delafield and Morgantown rd areas within walking distance of residents."
1518195218,Fri Feb 09 2018 16:53:38 GMT+0000 (Coordinated Universal Time),445,889,1,0,-1,"Bowling Green needs to demonstrate that it has emerged from the Dark Ages by enacting a Fairness Ordinance."
1518195025,Fri Feb 09 2018 16:50:25 GMT+0000 (Coordinated Universal Time),444,881,80,15,1,"It should not take 3 months to get a gynecologist appointment in this city."
1518195404,Fri Feb 09 2018 16:56:44 GMT+0000 (Coordinated Universal Time),447,889,1,0,-1,"Reduce downtown parking/driving issues: improve public transportation, create pedestrian-only streets, and build parking areas elsewhere"
1518196925,Fri Feb 09 2018 17:22:05 GMT+0000 (Coordinated Universal Time),449,0,65,77,1,"Create pedestrian-only streets."
1518196937,Fri Feb 09 2018 17:22:17 GMT+0000 (Coordinated Universal Time),450,0,46,41,1,"Build parking areas."
1518227950,Sat Feb 10 2018 01:59:10 GMT+0000 (Coordinated Universal Time),470,945,33,31,1,"It is easy to find a good job in Warren County."
1518198502,Fri Feb 09 2018 17:48:22 GMT+0000 (Coordinated Universal Time),452,0,174,17,1,"Consider asking low-income or disabled residents what they really need."
1518197826,Fri Feb 09 2018 17:37:06 GMT+0000 (Coordinated Universal Time),451,897,1,0,-1,"BG needs more improved & affordable public transportation. Consider asking low-income or disabled residents what they really need."
1518199412,Fri Feb 09 2018 18:03:32 GMT+0000 (Coordinated Universal Time),453,277,206,41,1,"Plan for people, not cars. Walking should be enjoyable, not a hazard."
1518200895,Fri Feb 09 2018 18:28:15 GMT+0000 (Coordinated Universal Time),455,901,107,37,1,"Regulate the size & brightness of business signs."
1518200780,Fri Feb 09 2018 18:26:20 GMT+0000 (Coordinated Universal Time),454,901,1,0,-1,"Make BG a truly ""certified clean"" city, by eradicating the skunk population."
1518205797,Fri Feb 09 2018 19:49:57 GMT+0000 (Coordinated Universal Time),456,908,1,0,-1,"They are required by existing law to abstain from voting on anything that would financially or other benefit them or their family."
1518208675,Fri Feb 09 2018 20:37:55 GMT+0000 (Coordinated Universal Time),458,166,129,15,1,"Oversight committees for projects such as TIF. Elected officials should not be able to sit on unelected boards."
1518211963,Fri Feb 09 2018 21:32:43 GMT+0000 (Coordinated Universal Time),461,914,1,0,-1,"Traffic flow throughout the city needs to be greatly improved."
1518208730,Fri Feb 09 2018 20:38:50 GMT+0000 (Coordinated Universal Time),459,0,89,26,1,"Lease laws should be enacted and enforced in the county as they are in the city."
1518208739,Fri Feb 09 2018 20:38:59 GMT+0000 (Coordinated Universal Time),460,0,137,47,1,"Noise ordinances should be enacted and enforced in the county as they are in the city."
1518206822,Fri Feb 09 2018 20:07:02 GMT+0000 (Coordinated Universal Time),457,909,1,0,-1,"Lease laws and noise ordinances should be enacted and enforced in the county as they are in the city."
1518215702,Fri Feb 09 2018 22:35:02 GMT+0000 (Coordinated Universal Time),462,908,1,0,-1,"No elected official can vote on any ordinance or law that would directly benefit themselves or their family.  That is the law."
1518215885,Fri Feb 09 2018 22:38:05 GMT+0000 (Coordinated Universal Time),464,908,1,0,-1,"The Medical Center Health Sciences building which now houses the WKU Nursing program tripled the number of students on day 1."
1518222695,Sat Feb 10 2018 00:31:35 GMT+0000 (Coordinated Universal Time),466,936,182,44,1,"Bowling green needs to work in beautifying the city . More Boulvard like roads with planted flowers and reducing overhead utility clusters."
1518216190,Fri Feb 09 2018 22:43:10 GMT+0000 (Coordinated Universal Time),465,909,1,0,-1,"Leash laws should be enacted and enforced in the county as they are in the city."
1518215876,Fri Feb 09 2018 22:37:56 GMT+0000 (Coordinated Universal Time),463,923,1,0,-1,"NGO teaching homeless to work during elite-only lunch hours is less effective than 5 cents per $ 100 eliminating family homelessness."
1518232480,Sat Feb 10 2018 03:14:40 GMT+0000 (Coordinated Universal Time),471,952,140,15,1,"Curbside Recycling and/or Recycle Center in South Warren County"
1518226448,Sat Feb 10 2018 01:34:08 GMT+0000 (Coordinated Universal Time),467,942,36,27,1,"Work,with State to complete a wide loop from Scottsville Road across N I65 to N Natcher Pk way."
1518226952,Sat Feb 10 2018 01:42:32 GMT+0000 (Coordinated Universal Time),468,944,54,39,1,"Widen Cemetry Road, Russellville Road, Lover’s Lane, Campbell Lane, The Old ByPass, and Scotsville Road from old ByPass to Natcher Parkway."
1518227925,Sat Feb 10 2018 01:58:45 GMT+0000 (Coordinated Universal Time),469,945,33,11,1,"The Kentucky Career Center on Chestnut is a great resource to locate employment."
1518235194,Sat Feb 10 2018 03:59:54 GMT+0000 (Coordinated Universal Time),472,954,1,0,-1,"The city needs to be more walkable for everyone.  need sidewalks!  Parks for walking in nature, forget the ball fields."
1518237856,Sat Feb 10 2018 04:44:16 GMT+0000 (Coordinated Universal Time),475,965,156,37,1,"City/county parks should be focused on creating and maintain green places for residents to join.Avoid cement parking and adding buildings"
1518237849,Sat Feb 10 2018 04:44:09 GMT+0000 (Coordinated Universal Time),474,973,1,0,-1,"Affordable housing"
1518237803,Sat Feb 10 2018 04:43:23 GMT+0000 (Coordinated Universal Time),473,973,124,24,1,"Higher paying jobs- the ability to move up with reasonable raises."
1518273837,Sat Feb 10 2018 14:43:57 GMT+0000 (Coordinated Universal Time),482,998,1,0,-1,"There needs to be high speed internet options for Warren County residents as we currently have none in many areas."
1518273387,Sat Feb 10 2018 14:36:27 GMT+0000 (Coordinated Universal Time),481,996,1,0,-1,"Too much traffic congestion on scottsville rd/south bowling green area while the northern end doesn't have as many businesses, restaurants."
1518283416,Sat Feb 10 2018 17:23:36 GMT+0000 (Coordinated Universal Time),501,1001,1,0,-1,"This online Civic Assembly was a GREAT idea."
1518271418,Sat Feb 10 2018 14:03:38 GMT+0000 (Coordinated Universal Time),480,994,1,0,-1,"Consideration of the development of mass transit options should be part of traffic flow discussion."
1518268045,Sat Feb 10 2018 13:07:25 GMT+0000 (Coordinated Universal Time),478,980,41,14,1,"Complete the ky. 185 restructuring project."
1518267795,Sat Feb 10 2018 13:03:15 GMT+0000 (Coordinated Universal Time),477,985,1,0,-1,"Rural areas of Warren county should have access to high speed internet."
1518240350,Sat Feb 10 2018 05:25:50 GMT+0000 (Coordinated Universal Time),476,326,134,20,1,"We have an estimated 125,000 people but we still don't have a hospital that is trauma center and have to ship everyone to TN or Louisville."
1518275219,Sat Feb 10 2018 15:06:59 GMT+0000 (Coordinated Universal Time),487,646,68,30,1,"I see a lot of folks with expired tags on cars, both in state and out of state. Police need to enforce the laws and write more tickets."
1518274983,Sat Feb 10 2018 15:03:03 GMT+0000 (Coordinated Universal Time),485,646,54,51,1,"Police do a shameful job of enforcing traffic laws. more tickets = more compliance and more $$$$$."
1518274940,Sat Feb 10 2018 15:02:20 GMT+0000 (Coordinated Universal Time),484,646,65,43,1,"Either do the speed limit or get over to the right, to many SLOW, out of county drivers clogging up the roadways."
1518274878,Sat Feb 10 2018 15:01:18 GMT+0000 (Coordinated Universal Time),483,646,140,17,1,"people need to understand that a STOP sign means STOP, not just slow down and keep going."
1518275041,Sat Feb 10 2018 15:04:01 GMT+0000 (Coordinated Universal Time),486,646,92,62,1,"install traffic cameras and enforce running of stop lights. more traffic enforcement means more $$$ for the city."
1518270717,Sat Feb 10 2018 13:51:57 GMT+0000 (Coordinated Universal Time),479,993,1,0,-1,"I think BG/Warren Co. needs an indoor public swimming pool.  There are large fees with the few currently available indoor pools."
1518279802,Sat Feb 10 2018 16:23:22 GMT+0000 (Coordinated Universal Time),493,1001,1,0,-1,"Bowling Green is NOT bicycle friendly.  We need effective and safe bicycle lanes."
1518463273,Mon Feb 12 2018 19:21:13 GMT+0000 (Coordinated Universal Time),732,1459,1,0,-1,"WKU campus needs more accessible parking"
1518275794,Sat Feb 10 2018 15:16:34 GMT+0000 (Coordinated Universal Time),489,997,1,0,-1,"All in all, Bowling Green is one of the best places to live in Kentucky."
1518275526,Sat Feb 10 2018 15:12:06 GMT+0000 (Coordinated Universal Time),488,999,203,10,1,"When the city tears up lawns with projects they should be required to do what it takes so that lawns are same quality they were before."
1518277566,Sat Feb 10 2018 15:46:06 GMT+0000 (Coordinated Universal Time),490,0,38,11,1,"There are large fees with the few currently available indoor pools."
1518277766,Sat Feb 10 2018 15:49:26 GMT+0000 (Coordinated Universal Time),491,822,1,0,-1,"The elected City officials do not have a vision for what Bowling Green can be."
1518279879,Sat Feb 10 2018 16:24:39 GMT+0000 (Coordinated Universal Time),496,1001,1,0,-1,"Year round indoor swimming facility is needed."
1518278625,Sat Feb 10 2018 16:03:45 GMT+0000 (Coordinated Universal Time),492,1004,1,0,-1,"Bowling needs to open up internet availability to residents.  This gives pressure to existing companies to lower already high prices"
1518279853,Sat Feb 10 2018 16:24:13 GMT+0000 (Coordinated Universal Time),495,1001,1,0,-1,"We need better cable options."
1518279825,Sat Feb 10 2018 16:23:45 GMT+0000 (Coordinated Universal Time),494,1001,214,7,1,"We need a fiber option for internet."
1518281838,Sat Feb 10 2018 16:57:18 GMT+0000 (Coordinated Universal Time),497,1006,1,0,-1,"We should encourage the end of cannabis prohibition."
1518283053,Sat Feb 10 2018 17:17:33 GMT+0000 (Coordinated Universal Time),498,1009,165,31,1,"Require 4 yr HS lifeskills class, how to: family finance, file tax, repair/maintain car, repair/maintain home, cook/sew, apply/interview job"
1518290807,Sat Feb 10 2018 19:26:47 GMT+0000 (Coordinated Universal Time),511,1022,1,0,-1,"We need real competitive cable rates,not statements such as direct TV is competition."
1518283408,Sat Feb 10 2018 17:23:28 GMT+0000 (Coordinated Universal Time),500,1009,130,29,1,"Need comprehesive probation rehab programs - include addiction treatment, life & job skills & ideas securing housing, training/job etc"
1518290714,Sat Feb 10 2018 19:25:14 GMT+0000 (Coordinated Universal Time),510,1022,1,0,-1,"Fix the city streets"
1518283362,Sat Feb 10 2018 17:22:42 GMT+0000 (Coordinated Universal Time),499,1001,85,49,1,"Overdevelopment of rental property is detrimental to cities.  Renters do not pay property tax.  Schools suffer when the tax base is eroded."
1518284491,Sat Feb 10 2018 17:41:31 GMT+0000 (Coordinated Universal Time),502,1010,79,66,1,"Build more roads!!! Traffic is terrible here for a small city."
1518285139,Sat Feb 10 2018 17:52:19 GMT+0000 (Coordinated Universal Time),504,1010,121,43,1,"Don't waste $800,000 of tax dollars for a fountain in Lamkin park. Residents would be better served with educational programs for the youth!"
1518284976,Sat Feb 10 2018 17:49:36 GMT+0000 (Coordinated Universal Time),503,1010,32,44,1,"Reduce and/or get rid of the city wage tax."
1518286711,Sat Feb 10 2018 18:18:31 GMT+0000 (Coordinated Universal Time),505,1015,60,26,1,"Need to build wider access roads into the city!"
1518287923,Sat Feb 10 2018 18:38:43 GMT+0000 (Coordinated Universal Time),508,1007,1,0,-1,"THe partnership with the WKU college of Nursing and the Medical Center tripled the number of nursing students."
1518290827,Sat Feb 10 2018 19:27:07 GMT+0000 (Coordinated Universal Time),512,1020,1,0,-1,"Bowling Green should continue to welcome refugees which add diversity and vitality to our communities."
1518290678,Sat Feb 10 2018 19:24:38 GMT+0000 (Coordinated Universal Time),509,1020,1,0,-1,"Bowling Green / Warren County needs to continue emphasis on walking paths, bikeways, and green space."
1518287249,Sat Feb 10 2018 18:27:29 GMT+0000 (Coordinated Universal Time),507,1015,1,0,-1,"I pay an exorbitant city wage tax and have NO say in the election of BG city officials or how my tax dollars are spent! NOT FAIR!!!"
1518286943,Sat Feb 10 2018 18:22:23 GMT+0000 (Coordinated Universal Time),506,1015,74,32,1,"City officials need to work with WKU admin. to address the noise & public nuisance problems with the frat houses and homeowners downtown."
1518291359,Sat Feb 10 2018 19:35:59 GMT+0000 (Coordinated Universal Time),514,405,67,37,1,"BG can’t compete with Nashville or Louisville for young professionals"
1518291311,Sat Feb 10 2018 19:35:11 GMT+0000 (Coordinated Universal Time),513,405,139,21,1,"Please increase more family friendly activities"
1518301424,Sat Feb 10 2018 22:23:44 GMT+0000 (Coordinated Universal Time),520,1033,21,10,1,"Tuckertown area needs fire protection. Currently rated Class 10 expensive insurance. Water lines are close by on Otter Gap & Tuckertown Rds."
1518301296,Sat Feb 10 2018 22:21:36 GMT+0000 (Coordinated Universal Time),519,1033,23,9,1,"County needs to extend water lines in Tuckertown area. About a dozen homes don't have county water or fire hydrants!"
1518300173,Sat Feb 10 2018 22:02:53 GMT+0000 (Coordinated Universal Time),517,1036,165,18,1,"I should be allowed to plant flowers in my own yard where ever i want them."
1518300126,Sat Feb 10 2018 22:02:06 GMT+0000 (Coordinated Universal Time),516,1036,30,36,1,"Too much money is spent on making sure we cut our grass and don't park in the yard."
1518299233,Sat Feb 10 2018 21:47:13 GMT+0000 (Coordinated Universal Time),515,1039,1,0,-1,"With the rapid growth of our city and county, we have to make sure our infrastructure keeps up."
1518302525,Sat Feb 10 2018 22:42:05 GMT+0000 (Coordinated Universal Time),522,1045,88,55,1,"No business should get tax credit without paying  workers at least $10 per hour plus benefits that would increase that to minimum of $15."
1518302362,Sat Feb 10 2018 22:39:22 GMT+0000 (Coordinated Universal Time),521,1046,1,0,-1,"A fairness ordinance preventing discrimination on the basis of sexual orientation or gender identity."
1518300209,Sat Feb 10 2018 22:03:29 GMT+0000 (Coordinated Universal Time),518,1036,2,2,-1,"The editor of the Daily News should keep his politics to himself."
1518303656,Sat Feb 10 2018 23:00:56 GMT+0000 (Coordinated Universal Time),524,1043,89,30,1,"Urban sprawl in Bowling Green is a major problem that has made this city less walking/bike friendly."
1518303417,Sat Feb 10 2018 22:56:57 GMT+0000 (Coordinated Universal Time),523,1047,214,17,1,"Increase Internet/Cell/Phone service throughout the county.  First deal with areas that currently don't have any option."
1518303899,Sat Feb 10 2018 23:04:59 GMT+0000 (Coordinated Universal Time),525,1045,147,41,1,"We need more incentives for individual and business solar power"
1518304977,Sat Feb 10 2018 23:22:57 GMT+0000 (Coordinated Universal Time),532,1045,187,17,1,"We need to carefully preserve agricultural land"
1518305431,Sat Feb 10 2018 23:30:31 GMT+0000 (Coordinated Universal Time),536,1050,156,51,1,"Recycling should be encouraged by not charging for the service"
1518307230,Sun Feb 11 2018 00:00:30 GMT+0000 (Coordinated Universal Time),553,1050,1,0,-1,"Water safety and swim lessons to all k-12 students as part of with opportunity for nonswimming parent/guardian in private setting for adults"
1518304378,Sat Feb 10 2018 23:12:58 GMT+0000 (Coordinated Universal Time),526,1045,81,26,1,"Shade trees should be required plantings along all Greenways"
1518312371,Sun Feb 11 2018 01:26:11 GMT+0000 (Coordinated Universal Time),559,1066,1,0,-1,"😊"
1518313216,Sun Feb 11 2018 01:40:16 GMT+0000 (Coordinated Universal Time),560,1068,31,45,1,"Parking in apartment subdivisions  should monitored closely by police. Parking on subdivision streets shouldn't be allowed."
1518304672,Sat Feb 10 2018 23:17:52 GMT+0000 (Coordinated Universal Time),528,1045,71,37,1,"All new and existing single family housing should have at least one shade tree planting"
1518304637,Sat Feb 10 2018 23:17:17 GMT+0000 (Coordinated Universal Time),527,1044,61,77,1,"Minimum wage needs to go o $15 per hour"
1518304871,Sat Feb 10 2018 23:21:11 GMT+0000 (Coordinated Universal Time),530,1045,24,18,1,"The travesty going up on Fairview Ave. should never have been allowed"
1518304817,Sat Feb 10 2018 23:20:17 GMT+0000 (Coordinated Universal Time),529,1044,200,25,1,"Better public transit and runs 24 /7 so people without cars can get to work. Also more stops added in residential areas."
1518305849,Sat Feb 10 2018 23:37:29 GMT+0000 (Coordinated Universal Time),540,1053,23,29,1,"Highway exits spur development, which would likely lead to undesireable suburban sprawl."
1518306764,Sat Feb 10 2018 23:52:44 GMT+0000 (Coordinated Universal Time),551,1050,23,22,1,"We  a true junior college which offers credit / non credit courses like many other states from basket weaving to cyber security"
1518307823,Sun Feb 11 2018 00:10:23 GMT+0000 (Coordinated Universal Time),555,0,36,44,1,"Schools should provide an opportunity for nonswimming parent/guardians to have water safety and swimming lessons in private setting."
1518311643,Sun Feb 11 2018 01:14:03 GMT+0000 (Coordinated Universal Time),557,1063,92,24,1,"Make Scott Waste follow their contract - Return trash cans next to the house and not leave them on the sidewalks.  Keep BG clean!"
1518304886,Sat Feb 10 2018 23:21:26 GMT+0000 (Coordinated Universal Time),531,1050,182,29,1,"Better enforcement of traffic violations. Too many running red lights, parking in fire lanes, cell phone usage while driving"
1518307007,Sat Feb 10 2018 23:56:47 GMT+0000 (Coordinated Universal Time),552,1050,12,25,1,"Building codes prohibiting trophy houses next to common housing"
1518305144,Sat Feb 10 2018 23:25:44 GMT+0000 (Coordinated Universal Time),533,1045,54,52,1,"Every new apartment building should have shaded parklike space for refreshment of its tenants"
1518305210,Sat Feb 10 2018 23:26:50 GMT+0000 (Coordinated Universal Time),534,1045,48,33,1,"Every citizen should be within 1 mile of some shaded green space."
1518305395,Sat Feb 10 2018 23:29:55 GMT+0000 (Coordinated Universal Time),535,1045,77,31,1,"We need to replace ""Room at the Inn"" services with temporary decent housing connected to aid agencies for the homeless"
1518305516,Sat Feb 10 2018 23:31:56 GMT+0000 (Coordinated Universal Time),537,1050,1,0,-1,"County residents should be allowed to vote on city issues if they work in the city, they shop there too!"
1518305676,Sat Feb 10 2018 23:34:36 GMT+0000 (Coordinated Universal Time),538,1050,44,39,1,"Bowling Green  has been monopolized by Houchens.  Limit their growth they own too much of the city for it to be fair to other businesses"
1518306030,Sat Feb 10 2018 23:40:30 GMT+0000 (Coordinated Universal Time),541,1053,47,40,1,"Animated digital business signs are a road hazard. They distract drivers."
1518306164,Sat Feb 10 2018 23:42:44 GMT+0000 (Coordinated Universal Time),546,1050,101,24,1,"Connect business parking lots to reduce unnecessary traffic on main roadways"
1518306151,Sat Feb 10 2018 23:42:31 GMT+0000 (Coordinated Universal Time),545,1053,133,15,1,"Higher education is intended to help young people develop into informed, well-rounded citizens who contribute positively to society."
1518307981,Sun Feb 11 2018 00:13:01 GMT+0000 (Coordinated Universal Time),556,1050,1,0,-1,"Warren County and Bowling Green need to be a unified school district and not divide the community. Share resources, benefitting all kids"
1518315278,Sun Feb 11 2018 02:14:38 GMT+0000 (Coordinated Universal Time),563,1069,85,30,1,"Fireworks use in residential areas is out of control with no police presence to enforce the already in place restrictions."
1518312253,Sun Feb 11 2018 01:24:13 GMT+0000 (Coordinated Universal Time),558,1053,90,69,1,"Owners of large parking lots should be required to break them up with pockets of green space and trees; perhaps create a walkable green path"
1518305765,Sat Feb 10 2018 23:36:05 GMT+0000 (Coordinated Universal Time),539,1054,1,0,-1,"where do we go for shelter in case of tornado alert in my part of town .cabell dr neighbehood"
1518306068,Sat Feb 10 2018 23:41:08 GMT+0000 (Coordinated Universal Time),543,1055,1,0,-1,"Bowling Green needs a Fairness Ordinance to ensure that everyone feels secure and welcome."
1518306051,Sat Feb 10 2018 23:40:51 GMT+0000 (Coordinated Universal Time),542,1050,118,24,1,"Indoor swimming pools for public use and therapy year around without time restrictions due to special swim leagues. Encourage healthier life"
1518306113,Sat Feb 10 2018 23:41:53 GMT+0000 (Coordinated Universal Time),544,1045,67,56,1,"All new and existing sidewalks should have shade trees"
1518306378,Sat Feb 10 2018 23:46:18 GMT+0000 (Coordinated Universal Time),548,1045,78,40,1,"We need a 6 day a week farmer's market that is open at least 5 hours -"
1518306334,Sat Feb 10 2018 23:45:34 GMT+0000 (Coordinated Universal Time),547,1053,42,45,1,"Legalizing marijuana at the state level could produce substantial tax revenue, but if only BG did, it would cause problems."
1518306492,Sat Feb 10 2018 23:48:12 GMT+0000 (Coordinated Universal Time),549,1053,1,0,-1,"More street trees to provide shade on hot summer days would improve the walkability of downtown. Passersby = potential customers"
1518306584,Sat Feb 10 2018 23:49:44 GMT+0000 (Coordinated Universal Time),550,1045,66,29,1,"Greenwood Mall parking lot could become a cooperative solar collection for itself and home surrounding"
1518307756,Sun Feb 11 2018 00:09:16 GMT+0000 (Coordinated Universal Time),554,0,77,41,1,"Water safety and swim lessons to all k-12 students."
1518314903,Sun Feb 11 2018 02:08:23 GMT+0000 (Coordinated Universal Time),562,1086,1,0,-1,"We need broadband in all warren county including Alvaton and Plano areas."
1518313319,Sun Feb 11 2018 01:41:59 GMT+0000 (Coordinated Universal Time),561,1068,43,21,1,"Parking  on both sides of the streets  in apartment subdivisions should  should not be allowed  and police need to enforce the law."
1518318987,Sun Feb 11 2018 03:16:27 GMT+0000 (Coordinated Universal Time),569,1102,1,0,-1,"Replace all the good old boys for a start!"
1518318965,Sun Feb 11 2018 03:16:05 GMT+0000 (Coordinated Universal Time),568,1103,1,0,-1,"noise ordinances should be inforced."
1518316226,Sun Feb 11 2018 02:30:26 GMT+0000 (Coordinated Universal Time),567,1099,121,21,1,"Whenever land is bought by the city/county, the seller and amount sold for needs to be transparent, rather than “LLC” as listed seller."
1518315984,Sun Feb 11 2018 02:26:24 GMT+0000 (Coordinated Universal Time),565,1099,47,20,1,"We need well planned service roads, instead of so many driveways directly on streets like Campbell Lane and the By pass."
1518315737,Sun Feb 11 2018 02:22:17 GMT+0000 (Coordinated Universal Time),564,1101,125,30,1,"We should have a commuting service between here & Nashville."
1518316064,Sun Feb 11 2018 02:27:44 GMT+0000 (Coordinated Universal Time),566,1099,1,0,-1,"Police need to ticket more for running red lights."
1518329572,Sun Feb 11 2018 06:12:52 GMT+0000 (Coordinated Universal Time),573,1111,1,0,-1,"The cable “franchise” monopoly needs to change! $170 for basic cable & internet is too much!"
1518329435,Sun Feb 11 2018 06:10:35 GMT+0000 (Coordinated Universal Time),572,1111,84,13,1,"City Annexed areas need more city services for their tax $$."
1518354173,Sun Feb 11 2018 13:02:53 GMT+0000 (Coordinated Universal Time),581,1123,110,31,1,"there should be a tenant/landlord grievance department with legal assistance"
1518328630,Sun Feb 11 2018 05:57:10 GMT+0000 (Coordinated Universal Time),571,1112,1,0,-1,"Planning and zoning laws should change to encourage small businesses and farms.  Farmers shouldn’t need a permit to build a fence."
1518334642,Sun Feb 11 2018 07:37:22 GMT+0000 (Coordinated Universal Time),574,0,129,29,1,"Planning and zoning laws should change to encourage small businesses and farms."
1518334645,Sun Feb 11 2018 07:37:25 GMT+0000 (Coordinated Universal Time),575,0,117,29,1,"Farmers shouldn’t need a permit to build a fence."
1518321381,Sun Feb 11 2018 03:56:21 GMT+0000 (Coordinated Universal Time),570,1107,1,0,-1,"We need more affordable and safe housing and businesses who are willing to pay a fair wage that allows people to sustain themselves"
1518339028,Sun Feb 11 2018 08:50:28 GMT+0000 (Coordinated Universal Time),576,1119,1,0,-1,"Fairness for the LGBTQIA community is a must for BG!"
1518354325,Sun Feb 11 2018 13:05:25 GMT+0000 (Coordinated Universal Time),583,1123,210,14,1,"animal cruelty laws need to exist and be enforced"
1518354255,Sun Feb 11 2018 13:04:15 GMT+0000 (Coordinated Universal Time),582,1123,131,28,1,"fines for leaving dog feces in public areas needs to be enforced"
1518353896,Sun Feb 11 2018 12:58:16 GMT+0000 (Coordinated Universal Time),579,1123,124,29,1,"we need transit buses for elderly and disabled in the county and they should be easy to enter and exit/wheelchair accessible"
1518353751,Sun Feb 11 2018 12:55:51 GMT+0000 (Coordinated Universal Time),578,1123,206,28,1,"apartment complexes should be required to participate in recycling program"
1518353650,Sun Feb 11 2018 12:54:10 GMT+0000 (Coordinated Universal Time),577,1123,42,13,1,"the Bark Park needs more trees and water access for the smaller dogs area"
1518354041,Sun Feb 11 2018 13:00:41 GMT+0000 (Coordinated Universal Time),580,1123,62,30,1,"Wal-Mart and Kroger grocery pick-up should have to accept EBT for the elderly and disabled"
1518360787,Sun Feb 11 2018 14:53:07 GMT+0000 (Coordinated Universal Time),584,1132,66,17,1,"The city & county school districts need to be re-evaluated The yards/houses that touch Potter Grays playground r all County school districts"
1518363462,Sun Feb 11 2018 15:37:42 GMT+0000 (Coordinated Universal Time),590,1060,55,24,1,"Local companies that can't fill job openings should recruit from parts of KY w/ high unemployment & pay relocation expenses."
1518362941,Sun Feb 11 2018 15:29:01 GMT+0000 (Coordinated Universal Time),589,1060,105,30,1,"Companies that claim they cannot fill job openings should raise wages and improve working conditions."
1518362881,Sun Feb 11 2018 15:28:01 GMT+0000 (Coordinated Universal Time),588,1060,62,17,1,"Local companies that can't fill job openings & the Workforce Dev't. Board should set up commuter lots and a shuttle service to rural areas."
1518362374,Sun Feb 11 2018 15:19:34 GMT+0000 (Coordinated Universal Time),586,1060,185,16,1,"Bowling Green should consider a program, like Ft Worth Texas's Clean Slate, in which the homeless can earn money by cleaning up the city."
1518364577,Sun Feb 11 2018 15:56:17 GMT+0000 (Coordinated Universal Time),591,639,106,17,1,"We need to SHADE street lamps. This actually increases visibility, reduces glare, and saves energy/ money. Using LEDs would save money, too."
1518362611,Sun Feb 11 2018 15:23:31 GMT+0000 (Coordinated Universal Time),587,1060,64,34,1,"BGDN should publish each month the number of job positions filled / people employed through the Workforce Development Board’s efforts."
1518362193,Sun Feb 11 2018 15:16:33 GMT+0000 (Coordinated Universal Time),585,1060,59,42,1,"BGDN should publish these BGPD stats weekly – 1) traffic citations 2) vehicle accidents reported; 3) traffic accidents resulting in injury."
1518366258,Sun Feb 11 2018 16:24:18 GMT+0000 (Coordinated Universal Time),593,1155,1,0,-1,"Mitch McConnell needs to be removed from office."
1518451738,Mon Feb 12 2018 16:08:58 GMT+0000 (Coordinated Universal Time),657,1282,84,19,1,"More weekend activites are needed for YOUNG Seniors, who arent yet ready for Bingo nights."
1518367933,Sun Feb 11 2018 16:52:13 GMT+0000 (Coordinated Universal Time),594,1158,31,31,1,"Need a traffic signal on Cave Mill in front of Natcher School, operating 8-9 AM, 3:30-4:30."
1518365818,Sun Feb 11 2018 16:16:58 GMT+0000 (Coordinated Universal Time),592,1144,1,0,-1,"Stop letting builders buy a random piece of land & then throw up 100’s of apartments on it. Esp right in town area w/high traffic. Enough!"
1518372851,Sun Feb 11 2018 18:14:11 GMT+0000 (Coordinated Universal Time),595,1165,40,20,1,"The LEFT turning light at Nashville onto Dishman & the same for Scottsville onto Lovers Ln.. need to be longer to allow more to go through."
1518375670,Sun Feb 11 2018 19:01:10 GMT+0000 (Coordinated Universal Time),596,1166,82,19,1,"Expand Nashville Rd all the way past Chaney’s & Buchanan park.  Very dangerous area.. very much so for a school area & young drivers."
1518381636,Sun Feb 11 2018 20:40:36 GMT+0000 (Coordinated Universal Time),603,1171,113,24,1,"Louisville rd area needs more businesses and restaurants extending out towards the factories to also bring in revenue from Edmonson Co."
1518381318,Sun Feb 11 2018 20:35:18 GMT+0000 (Coordinated Universal Time),602,1171,1,0,-1,"Bowling Green has a lot of river front property and potential that needs to be developed into parks and attractions."
1518381223,Sun Feb 11 2018 20:33:43 GMT+0000 (Coordinated Universal Time),601,1171,1,0,-1,"More trees and shrubs need to be planted in areas that have none."
1518379903,Sun Feb 11 2018 20:11:43 GMT+0000 (Coordinated Universal Time),600,1171,1,0,-1,"Bowling Green needs to attract businesses that other large cities already have, Whole foods, Fresh Thyme, Trader Joe's, Ross, &Burkes outlet"
1518379731,Sun Feb 11 2018 20:08:51 GMT+0000 (Coordinated Universal Time),599,1171,1,0,-1,"We need at river walk park like Owensboro ky. A place for families and tourism."
1518379604,Sun Feb 11 2018 20:06:44 GMT+0000 (Coordinated Universal Time),598,1171,97,19,1,"Warren county needs to be more proactive about keeping their county maps up to date of new roads or developments especially online. (Google)"
1518379277,Sun Feb 11 2018 20:01:17 GMT+0000 (Coordinated Universal Time),597,1171,147,26,1,"It should be mandatory for all homes/businesses to have visible marking on mailbox and building for their address."
1518383269,Sun Feb 11 2018 21:07:49 GMT+0000 (Coordinated Universal Time),604,1176,1,0,-1,"the city should look in to radom layoff"
1518397349,Mon Feb 12 2018 01:02:29 GMT+0000 (Coordinated Universal Time),612,1196,64,39,1,"People should not be allowed to bring their pets every place or store they go to."
1518385695,Sun Feb 11 2018 21:48:15 GMT+0000 (Coordinated Universal Time),605,1180,9,38,1,"Everyone needs to research (fluoride)...definitely need this to disappear from our water"
1518385807,Sun Feb 11 2018 21:50:07 GMT+0000 (Coordinated Universal Time),606,1181,167,13,1,"Require businesses to pick up litter they and their customers generate."
1518387005,Sun Feb 11 2018 22:10:05 GMT+0000 (Coordinated Universal Time),608,1183,143,47,1,"Bowling Green needs more cultural and educational establishments, like sciemce, history and art museums."
1518385933,Sun Feb 11 2018 21:52:13 GMT+0000 (Coordinated Universal Time),607,1060,6,0,-1,"Require business to pick up the litter they and their customers generate."
1518389767,Sun Feb 11 2018 22:56:07 GMT+0000 (Coordinated Universal Time),610,1188,74,58,1,"There should be no punishment for small amounts of marijuana possession, in my opinion"
1518388826,Sun Feb 11 2018 22:40:26 GMT+0000 (Coordinated Universal Time),609,1183,3,1,-1,"We need more museums for cultural and educational opportunities."
1518395867,Mon Feb 12 2018 00:37:47 GMT+0000 (Coordinated Universal Time),611,1200,59,33,1,"Bowling Green needs more pet-friendly housing options for renters."
1518398639,Mon Feb 12 2018 01:23:59 GMT+0000 (Coordinated Universal Time),614,1205,1,0,-1,"Yes, I agree we need to replace Room at the Inn with temporary decent housing for the homeless."
1518397911,Mon Feb 12 2018 01:11:51 GMT+0000 (Coordinated Universal Time),613,1181,1,0,-1,"Businesses need to pick up the litter they and their customers generate."
1518399828,Mon Feb 12 2018 01:43:48 GMT+0000 (Coordinated Universal Time),615,1204,1,0,-1,"High speed internet and cell service are crucial to those of us that live in the county. on my farm I am by myself and need cell service."
1518409304,Mon Feb 12 2018 04:21:44 GMT+0000 (Coordinated Universal Time),617,1221,38,40,1,"Bowling Green needs a stronger separation of church-mosque-temple and state."
1518408037,Mon Feb 12 2018 04:00:37 GMT+0000 (Coordinated Universal Time),616,1045,1,0,-1,"All sidewalks should be ultimately shaded"
1518412302,Mon Feb 12 2018 05:11:42 GMT+0000 (Coordinated Universal Time),623,1224,77,26,1,"Lower taxes by auditing every department for total accountability & make cuts where possible. Stop city government waste."
1518411757,Mon Feb 12 2018 05:02:37 GMT+0000 (Coordinated Universal Time),622,1224,41,29,1,"There should be an actual complaint filed by a neighbor before Code Enforcement writes a violation. Stop harassing hardworking citizens."
1518411043,Mon Feb 12 2018 04:50:43 GMT+0000 (Coordinated Universal Time),620,1216,32,50,1,"The very low number of immigrants coming to our county last year was a good thing. Saves costs: Schools, courts, social services-Our taxes!"
1518409411,Mon Feb 12 2018 04:23:31 GMT+0000 (Coordinated Universal Time),618,1216,34,33,1,"You can't get a job in this county at a large place of employment if you have OLD DUI's on your record. This is an un-needed punishment!"
1518411056,Mon Feb 12 2018 04:50:56 GMT+0000 (Coordinated Universal Time),621,1226,1,0,-1,"Lower taxes. Be less tyrannical. Fix Scottsville Road traffic. Attract Google Fiber or some equivalent."
1518436983,Mon Feb 12 2018 12:03:03 GMT+0000 (Coordinated Universal Time),624,1232,58,14,1,"Consistent, once a month testing of our emergency sirens, not just before potential bad weather."
1518438681,Mon Feb 12 2018 12:31:21 GMT+0000 (Coordinated Universal Time),625,1222,48,24,1,"Future charter schools would be a financial burden to public school funding, unless they are held to accountability by local school boards."
1518410696,Mon Feb 12 2018 04:44:56 GMT+0000 (Coordinated Universal Time),619,1216,4,3,-1,"The very low number of immigrants coming to our county last year was a good thing. Saves costs: Schools, courts, social services.Our taxes!"
1518441629,Mon Feb 12 2018 13:20:29 GMT+0000 (Coordinated Universal Time),628,1241,1,0,-1,"Fairness for all. End discrimination against GLBTQ residents of Bowling Green."
1518441736,Mon Feb 12 2018 13:22:16 GMT+0000 (Coordinated Universal Time),629,1239,1,0,-1,"Need traffic cameras to stop people ignoring red lights when officer is not present"
1518441490,Mon Feb 12 2018 13:18:10 GMT+0000 (Coordinated Universal Time),627,1233,1,0,-1,"Traffic congestion in BG should be a priority. We are growing/building at a faster rate than our infrastructure can support."
1518439284,Mon Feb 12 2018 12:41:24 GMT+0000 (Coordinated Universal Time),626,1233,1,0,-1,"Warren County needs an indoor aquatic facility that is open to citizens daily."
1518446920,Mon Feb 12 2018 14:48:40 GMT+0000 (Coordinated Universal Time),638,1261,56,33,1,"The downtown parking garage has been an eyesore for years. It's embarrassing, so fix it!"
1518447023,Mon Feb 12 2018 14:50:23 GMT+0000 (Coordinated Universal Time),639,1261,76,30,1,"Need engaging art installations throughout the city. People will be able to experience art, have fun, and share on social media."
1518446867,Mon Feb 12 2018 14:47:47 GMT+0000 (Coordinated Universal Time),637,1261,1,0,-1,"City should develop the riverfront area. It's a gem."
1518446835,Mon Feb 12 2018 14:47:15 GMT+0000 (Coordinated Universal Time),636,1261,161,16,1,"Traffic congestion is a major problem, so studying traffic flow closely is the first step."
1518446390,Mon Feb 12 2018 14:39:50 GMT+0000 (Coordinated Universal Time),635,1259,91,49,1,"Concerts and performing arts activities must reflect the diverse racial/ethnic demographic of the city/county."
1518446301,Mon Feb 12 2018 14:38:21 GMT+0000 (Coordinated Universal Time),634,1259,60,44,1,"City/county gov't. (in all of there forms) must reflect the racial/ethnic city/county population demographic to assist in recruitment/growth"
1518446165,Mon Feb 12 2018 14:36:05 GMT+0000 (Coordinated Universal Time),633,1251,85,20,1,"Mesonet provides valuable and protective weather information and funding for it should not be cut."
1518445951,Mon Feb 12 2018 14:32:31 GMT+0000 (Coordinated Universal Time),632,1257,104,34,1,"Fountain Square is experiencing an increase in aggressive panhandling, BGPD needs to establish their presence for citizen's safety."
1518445436,Mon Feb 12 2018 14:23:56 GMT+0000 (Coordinated Universal Time),631,1253,83,15,1,"City/county leaders should be cautious of ""build it and they will come"" mentality for growth and development."
1518445411,Mon Feb 12 2018 14:23:31 GMT+0000 (Coordinated Universal Time),630,1252,1,0,-1,"More healthy restaurants, biking/walking lanes, more roundabouts for intersections, commitment to healthy lifestyles, building a hockey rink"
1518447109,Mon Feb 12 2018 14:51:49 GMT+0000 (Coordinated Universal Time),640,0,61,20,1,"More healthy restaurants"
1518447121,Mon Feb 12 2018 14:52:01 GMT+0000 (Coordinated Universal Time),642,0,89,32,1,"More roundabouts for intersections"
1518447129,Mon Feb 12 2018 14:52:09 GMT+0000 (Coordinated Universal Time),643,0,64,14,1,"Commitment to healthy lifestyles"
1518448141,Mon Feb 12 2018 15:09:01 GMT+0000 (Coordinated Universal Time),648,278,57,34,1,"We need grocery store competition. Kroger doesn't even try because they don't have to. I'm sick of rotten produce. Let's get a Publix!"
1518447988,Mon Feb 12 2018 15:06:28 GMT+0000 (Coordinated Universal Time),647,1257,1,0,-1,"Aggressive panhandlers are making the square/downtown unsafe, law enforcement needs to be visible to protect residents."
1518447227,Mon Feb 12 2018 14:53:47 GMT+0000 (Coordinated Universal Time),646,1261,1,0,-1,"Ummmnn, look what Owensboro did with their Riverfront. Ours is a diamond in the rough. Develop it with seasoned developers not HitCents."
1518447184,Mon Feb 12 2018 14:53:04 GMT+0000 (Coordinated Universal Time),645,897,1,0,-1,"BG needs improved and more affordable public transportation. Consider asking what low-income or people with disabilities really need."
1518447114,Mon Feb 12 2018 14:51:54 GMT+0000 (Coordinated Universal Time),641,1261,43,26,1,"Need a better way to work with tenants in the downtown district. Too many come and go because they lack business skills."
1518448379,Mon Feb 12 2018 15:12:59 GMT+0000 (Coordinated Universal Time),649,1265,95,22,1,"Planning & Zoning Board needs an overhaul. Fewer builders appointed, fairness to opposition, stop rubber stamping by P&Z and City Comm."
1518448880,Mon Feb 12 2018 15:21:20 GMT+0000 (Coordinated Universal Time),650,1269,102,9,1,"Do SOMETHING about completing the ""wrap"" downtown, or at least enhance (and that includes restaurant service) what is currently there."
1518448977,Mon Feb 12 2018 15:22:57 GMT+0000 (Coordinated Universal Time),651,1269,1,0,-1,"Expand and support non-public (or even public) school choice options"
1518447150,Mon Feb 12 2018 14:52:30 GMT+0000 (Coordinated Universal Time),644,0,0,5,-1,"Build a hockey rink"
1518450297,Mon Feb 12 2018 15:44:57 GMT+0000 (Coordinated Universal Time),652,1269,1,0,-1,"Increase and support school choice options for ALL families."
1518450434,Mon Feb 12 2018 15:47:14 GMT+0000 (Coordinated Universal Time),653,1275,143,4,1,"More citizens need to be involved in the future development of BG. Too many developers who benefit financially are calling the shots."
1518463391,Mon Feb 12 2018 19:23:11 GMT+0000 (Coordinated Universal Time),736,1449,37,17,1,"More creative learning classes"
1518450505,Mon Feb 12 2018 15:48:25 GMT+0000 (Coordinated Universal Time),654,1276,120,26,1,"Historic preservation of homes and buildings needs countywide attention to maintain our unique architectural heritage."
1518450774,Mon Feb 12 2018 15:52:54 GMT+0000 (Coordinated Universal Time),655,981,31,6,1,"Encourage growth of OTA tv stations. Lots of cord cutters and shavers enjoy the HD content they can get with an antenna."
1518453695,Mon Feb 12 2018 16:41:35 GMT+0000 (Coordinated Universal Time),670,301,66,44,1,"The Bowling Green Daily News is too politically slanted."
1518453050,Mon Feb 12 2018 16:30:50 GMT+0000 (Coordinated Universal Time),665,1287,62,94,1,"More gender-neutral bathrooms need to be seen across BG on WKU's campus, in local businesses, etc."
1518451806,Mon Feb 12 2018 16:10:06 GMT+0000 (Coordinated Universal Time),658,1282,1,0,-1,"Would love to see more community ed. Craft classes made available at a reasonable cost."
1518451917,Mon Feb 12 2018 16:11:57 GMT+0000 (Coordinated Universal Time),659,1282,84,22,1,"For a city of this size, there is too little available in the way of weekend activities for Seniors who are not ready for rocking chairs."
1518453107,Mon Feb 12 2018 16:31:47 GMT+0000 (Coordinated Universal Time),668,1290,62,12,1,"There should be officers more readily available to the county areas; ex. for domestic violence disputes."
1518453049,Mon Feb 12 2018 16:30:49 GMT+0000 (Coordinated Universal Time),664,1291,57,89,1,"There should be gender-neutral housing options on WKU's campus for LGBTQ+ students."
1518453039,Mon Feb 12 2018 16:30:39 GMT+0000 (Coordinated Universal Time),663,1288,33,29,1,"WKU should open its facilities to the public once or twice a month to the community, and those in need should be welcome more often."
1518453013,Mon Feb 12 2018 16:30:13 GMT+0000 (Coordinated Universal Time),662,1294,74,21,1,"Bowling Green should work on becoming a more food sustainable city with less food waste and food insecurity"
1518452241,Mon Feb 12 2018 16:17:21 GMT+0000 (Coordinated Universal Time),660,1158,31,29,1,"A traffic light is needed on Cave Mill in front of Natcher School.  Operational on school days, 7:30 to 9 AM & 3 to 4:30 PM."
1518452785,Mon Feb 12 2018 16:26:25 GMT+0000 (Coordinated Universal Time),661,1292,1,0,-1,"More recreational spots and fewer mattress stores"
1518457491,Mon Feb 12 2018 17:44:51 GMT+0000 (Coordinated Universal Time),683,0,88,25,1,"Doctors over-prescribing opioids should be sentenced at least as harshly as street dealers if not more harshly due to their knowledge."
1518457792,Mon Feb 12 2018 17:49:52 GMT+0000 (Coordinated Universal Time),687,1336,1,0,-1,"Bowling green should phase away from above ground powerlines and start implementing underground lines. The congestion of wires is unsightly."
1518453056,Mon Feb 12 2018 16:30:56 GMT+0000 (Coordinated Universal Time),666,1292,1,0,-1,"Teach people how to drive. Red means stop, who woulda guessed?"
1518453798,Mon Feb 12 2018 16:43:18 GMT+0000 (Coordinated Universal Time),672,301,53,18,1,"There is too much bullying in our schools that administrators are ignoring."
1518451618,Mon Feb 12 2018 16:06:58 GMT+0000 (Coordinated Universal Time),656,1282,1,0,-1,"An indoor, heated olympic size pool is EXTREMELY needed for adult exercise. The one at Total Fitness is totally inadequate."
1518453094,Mon Feb 12 2018 16:31:34 GMT+0000 (Coordinated Universal Time),667,1296,94,21,1,"Bowling Green needs more access to affordable , healthy, local food sources."
1518454729,Mon Feb 12 2018 16:58:49 GMT+0000 (Coordinated Universal Time),673,1307,148,16,1,"BG needs to increase recycling and trash bins around the parks and parkways to decrease trash and litter"
1518453676,Mon Feb 12 2018 16:41:16 GMT+0000 (Coordinated Universal Time),669,1265,1,0,-1,"Planning & Zoning Board needs an overhaul w/ fewer builders appointed, fair notice to opposition, stop rubber stamping by P&Z and City Comm."
1518453718,Mon Feb 12 2018 16:41:58 GMT+0000 (Coordinated Universal Time),671,1296,43,25,1,"Bowling Green should be become a carbon neutral city."
1518456600,Mon Feb 12 2018 17:30:00 GMT+0000 (Coordinated Universal Time),674,1314,12,54,1,"We need more pet stores"
1518457090,Mon Feb 12 2018 17:38:10 GMT+0000 (Coordinated Universal Time),675,1298,21,31,1,"Individual unhappiness combined with easy legal and illegal availability of drugs drives the opioid crisis."
1518457209,Mon Feb 12 2018 17:40:09 GMT+0000 (Coordinated Universal Time),677,1329,1,0,-1,"morte comnpetitive internet rates"
1518457169,Mon Feb 12 2018 17:39:29 GMT+0000 (Coordinated Universal Time),676,1298,25,31,1,"American comfort and avoidance of any pain or suffering drives the drug dependency problem."
1518457230,Mon Feb 12 2018 17:40:30 GMT+0000 (Coordinated Universal Time),678,1298,82,24,1,"Doctors who prescribe pain and tranquilizing meds too easily fuel the drug dependency crisis."
1518458100,Mon Feb 12 2018 17:55:00 GMT+0000 (Coordinated Universal Time),690,1335,25,15,1,"Holly drive needs sidewalks"
1518458925,Mon Feb 12 2018 18:08:45 GMT+0000 (Coordinated Universal Time),712,1358,1,0,-1,"Bowling Green needs to retain more of its farmland that is being lost to urban development."
1518462319,Mon Feb 12 2018 19:05:19 GMT+0000 (Coordinated Universal Time),722,1432,1,0,-1,"Warren County should get serious about county wide broadband access!  Saying we need it is not ever going to get the job done."
1518463477,Mon Feb 12 2018 19:24:37 GMT+0000 (Coordinated Universal Time),749,1456,63,28,1,"We need more Community Farming Programs(where you pay farmers money up front and during harvest you get fresh fruits/veggies, eggs, etc)"
1518463473,Mon Feb 12 2018 19:24:33 GMT+0000 (Coordinated Universal Time),747,1463,78,13,1,"There need to be harsher punishments for WKU campus rapes/sexual assaults."
1518463009,Mon Feb 12 2018 19:16:49 GMT+0000 (Coordinated Universal Time),729,1433,112,35,1,"More green spaces. All of our parks have just become sports complexes!"
1518462613,Mon Feb 12 2018 19:10:13 GMT+0000 (Coordinated Universal Time),726,1433,1,0,-1,"BGMU and WRECC should provide internet services."
1518468740,Mon Feb 12 2018 20:52:20 GMT+0000 (Coordinated Universal Time),801,771,74,22,1,"Other counties have school at home on snow days so that kids do not have to make up days.  This should be considered for here."
1518468085,Mon Feb 12 2018 20:41:25 GMT+0000 (Coordinated Universal Time),796,1537,48,16,1,"We need a significantly sized public library branch in the southern end of Warren County near South Warren."
1518467519,Mon Feb 12 2018 20:31:59 GMT+0000 (Coordinated Universal Time),792,1496,1,0,-1,"Maybe that would be good for the public library to do.  They get a big load of tax dollars."
1518467335,Mon Feb 12 2018 20:28:55 GMT+0000 (Coordinated Universal Time),791,1496,1,0,-1,"We need tenants who treat the property as their own, not tearing it up, then moving on."
1518466886,Mon Feb 12 2018 20:21:26 GMT+0000 (Coordinated Universal Time),789,36,13,27,1,"The city and county work together to keep the low socieconomic status children out of certain schools. This reduces learning opportunities."
1518466680,Mon Feb 12 2018 20:18:00 GMT+0000 (Coordinated Universal Time),787,1516,91,25,1,"Pass a no animals in a hot car ordinance."
1518470151,Mon Feb 12 2018 21:15:51 GMT+0000 (Coordinated Universal Time),809,0,44,14,1,"Better/more mass media choices available."
1518466196,Mon Feb 12 2018 20:09:56 GMT+0000 (Coordinated Universal Time),778,1519,1,0,-1,"Some medical benefits of medical marijuana have been undisputed.  Controlled legal availability of medical marijuana would be a good thing."
1518475059,Mon Feb 12 2018 22:37:39 GMT+0000 (Coordinated Universal Time),828,1575,52,27,1,"The Public Library ""Internet Café"" has become a hangout for the homeless, and this has become an issue the community has chosen to ignore."
1518478730,Mon Feb 12 2018 23:38:50 GMT+0000 (Coordinated Universal Time),838,1603,1,0,-1,"Bowling Green needs more services for the homeless.  Shelter, soup kitchen, clothing ect."
1518482758,Tue Feb 13 2018 00:45:58 GMT+0000 (Coordinated Universal Time),854,1621,1,0,-1,"MORE EFFECTIVE INTERNET OPTIONS, AINT NOBODY GOT TIME FOR LESS THAN TWO OPTIONS, THAT STUFF BE WACK, YO."
1518482510,Tue Feb 13 2018 00:41:50 GMT+0000 (Coordinated Universal Time),851,1611,1,0,-1,"Incentives should be provided for unique redevelopment of dated properties on the bypass."
1518486343,Tue Feb 13 2018 01:45:43 GMT+0000 (Coordinated Universal Time),862,0,14,14,1,"Both school districts shamefully manipulate low economic status parents to gain Title I funding. It should stop."
1518491997,Tue Feb 13 2018 03:19:57 GMT+0000 (Coordinated Universal Time),878,1685,34,10,1,"Install a ""train"" sign visible from the Nashville, Industrial & Russellville road entrances to reroute traffic when a trains are crossing."
1518457489,Mon Feb 12 2018 17:44:49 GMT+0000 (Coordinated Universal Time),682,1298,1,0,-1,"Options for community choir participation exist in the WKU Community Chorus, church choirs, and a Barbershop group."
1518457383,Mon Feb 12 2018 17:43:03 GMT+0000 (Coordinated Universal Time),681,1332,1,0,-1,"No proof of a problem has been identified."
1518457375,Mon Feb 12 2018 17:42:55 GMT+0000 (Coordinated Universal Time),680,1298,1,0,-1,"Society considers freedom from pain and suffering of any type a right rather than a privilege."
1518457522,Mon Feb 12 2018 17:45:22 GMT+0000 (Coordinated Universal Time),684,1318,61,28,1,"Working folks need ordinances struck down that prevent them from assembling to bargain for better pay. benefits and working conditions."
1518457293,Mon Feb 12 2018 17:41:33 GMT+0000 (Coordinated Universal Time),679,1298,17,12,1,"State and federal medical societies are unable or unwilling to police their members regarding the drug dependency problem."
1518457556,Mon Feb 12 2018 17:45:56 GMT+0000 (Coordinated Universal Time),685,1298,1,0,-1,"Adult education is availabe in many areas through Community Education of Warren County and WKU's Society for Lifelong Learning."
1518457812,Mon Feb 12 2018 17:50:12 GMT+0000 (Coordinated Universal Time),688,0,24,15,1,"The face of drug dealers has changed. Today most opioid drug dealers are doctors or teenagers in the suburbs ordering from China."
1518457652,Mon Feb 12 2018 17:47:32 GMT+0000 (Coordinated Universal Time),686,0,34,14,1,"We know fentanyl is coming through our post office. Law enforcement should have dogs finding it before it kills the next youth."
1518457921,Mon Feb 12 2018 17:52:01 GMT+0000 (Coordinated Universal Time),689,1338,88,23,1,"stronger enforcement of junk cars in yards and trashy looking yards in general"
1518458557,Mon Feb 12 2018 18:02:37 GMT+0000 (Coordinated Universal Time),696,1348,74,23,1,"There should be more healthy food options near/on campus of WKU."
1518458506,Mon Feb 12 2018 18:01:46 GMT+0000 (Coordinated Universal Time),694,1335,1,0,-1,"Blind people should not be able to drive"
1518458627,Mon Feb 12 2018 18:03:47 GMT+0000 (Coordinated Universal Time),697,1348,91,20,1,"Greek Life should be monitored on WKU's campus."
1518458425,Mon Feb 12 2018 18:00:25 GMT+0000 (Coordinated Universal Time),693,1349,99,14,1,"Bowling Green needs more accessible programs for mentorships of young adults and teenagers."
1518458645,Mon Feb 12 2018 18:04:05 GMT+0000 (Coordinated Universal Time),698,1350,1,0,-1,"Bowling Green and WKU should have a more cohesive relationship with multiple events to bring the two together outside of homecoming week"
1518458686,Mon Feb 12 2018 18:04:46 GMT+0000 (Coordinated Universal Time),700,1356,70,36,1,"Resources to better integrate immigrants and refugees into the community should be put into place."
1518458686,Mon Feb 12 2018 18:04:46 GMT+0000 (Coordinated Universal Time),699,1357,111,13,1,"Parking on the WKU campus should be more accessible to students and visitors."
1518458712,Mon Feb 12 2018 18:05:12 GMT+0000 (Coordinated Universal Time),702,1356,140,15,1,"Arts education should be available in every school in Warren County and other surrounding areas."
1518458717,Mon Feb 12 2018 18:05:17 GMT+0000 (Coordinated Universal Time),703,1345,129,34,1,"All public schools should have an adequate summer feeding program so no child goes hungry."
1518458725,Mon Feb 12 2018 18:05:25 GMT+0000 (Coordinated Universal Time),704,1345,1,0,-1,"Legalize weed"
1518458710,Mon Feb 12 2018 18:05:10 GMT+0000 (Coordinated Universal Time),701,1344,89,29,1,"Public school systems need to provide more funding for art education programs, such as music, theater, and visual arts."
1518458751,Mon Feb 12 2018 18:05:51 GMT+0000 (Coordinated Universal Time),705,1345,1,0,-1,"Improve arts education in public schools."
1518458798,Mon Feb 12 2018 18:06:38 GMT+0000 (Coordinated Universal Time),707,1350,1,0,-1,"Remaining a ""moist"" county is extremely outdated. Especially for a college town like Bowling Green."
1518458835,Mon Feb 12 2018 18:07:15 GMT+0000 (Coordinated Universal Time),708,1354,1,0,-1,"Healthier eating options within and around WKU's campus would benefit a healthier university and students who do not have a meal plan."
1518458796,Mon Feb 12 2018 18:06:36 GMT+0000 (Coordinated Universal Time),706,1354,73,36,1,"There needs to be better access to grocery stores and restaurants from WKU's campus."
1518458852,Mon Feb 12 2018 18:07:32 GMT+0000 (Coordinated Universal Time),709,1357,61,36,1,"Drug information classes should be given to incoming freshmen of WKU to educate them about the risks and health hazards."
1518458866,Mon Feb 12 2018 18:07:46 GMT+0000 (Coordinated Universal Time),710,1345,126,20,1,"More local produce should be incorporated into public school's lunchrooms"
1518458377,Mon Feb 12 2018 17:59:37 GMT+0000 (Coordinated Universal Time),692,1353,67,30,1,"Bowling Green should have more healthy/clean eating options for those who have limited diets."
1518458974,Mon Feb 12 2018 18:09:34 GMT+0000 (Coordinated Universal Time),714,1357,118,19,1,"Drivers tests in BG should test over the rules of a turnabout."
1518458942,Mon Feb 12 2018 18:09:02 GMT+0000 (Coordinated Universal Time),713,1354,86,35,1,"Better parking around the square would draw in more college students who like to shop but can not find parking downtown."
1518458882,Mon Feb 12 2018 18:08:02 GMT+0000 (Coordinated Universal Time),711,1359,1,0,-1,"Bowling Green has to pass a Fairness Ordinance. Set the example."
1518458545,Mon Feb 12 2018 18:02:25 GMT+0000 (Coordinated Universal Time),695,1353,86,19,1,"Bowling Green should have basic zoning mandates in order to beautify decrepit buildings/gravel lawns/general trashiness."
1518459350,Mon Feb 12 2018 18:15:50 GMT+0000 (Coordinated Universal Time),715,1367,116,22,1,"Free WIFI in certain areas - particularly around Fountain Squre"
1518460242,Mon Feb 12 2018 18:30:42 GMT+0000 (Coordinated Universal Time),718,1371,61,16,1,"A way to improve Bowling Green and the surrounding areas is to improve traffic flow & circulation by limiting the number of traffic lights."
1518459907,Mon Feb 12 2018 18:25:07 GMT+0000 (Coordinated Universal Time),716,1372,1,0,-1,"Complete the greenways, ensure sidewalks are on EVERY city street for walkers/runners/ bicyclists."
1518458331,Mon Feb 12 2018 17:58:51 GMT+0000 (Coordinated Universal Time),691,1336,1,0,-1,"Efforts should be made to make all areas near wku’s campus livable for college students. No Sec. 8 Less crime Cost of attendance goes down"
1518461643,Mon Feb 12 2018 18:54:03 GMT+0000 (Coordinated Universal Time),719,0,25,39,1,"Make areas around WKU's campus livable for college students. Eliminating section 8 housing will lead to less crime & lower cost of attendance."
1518461881,Mon Feb 12 2018 18:58:01 GMT+0000 (Coordinated Universal Time),720,0,19,68,1,"I should be allowed to keep my yard & home in any manner I please."
1518460193,Mon Feb 12 2018 18:29:53 GMT+0000 (Coordinated Universal Time),717,1362,1,0,-1,"Should BG revise their sign ordinance?"
1518462031,Mon Feb 12 2018 19:00:31 GMT+0000 (Coordinated Universal Time),721,1390,1,0,-1,"We need honesty and integrity back in our community. Stop catering to the “good ole boys” system and group."
1518462465,Mon Feb 12 2018 19:07:45 GMT+0000 (Coordinated Universal Time),723,1433,1,0,-1,"Those of us who live just outside city limits should still have a say in local government! I should be able to vote for city officials."
1518463580,Mon Feb 12 2018 19:26:20 GMT+0000 (Coordinated Universal Time),759,1456,40,34,1,"Provide a food assistance program for college students as students lots of times do not qualify for food stamps due to living on campus"
1518466716,Mon Feb 12 2018 20:18:36 GMT+0000 (Coordinated Universal Time),788,1516,31,29,1,"Pass a No animals on chains in the county."
1518473323,Mon Feb 12 2018 22:08:43 GMT+0000 (Coordinated Universal Time),818,1560,1,0,-1,"Bowling Green needs to protect renters. Even educated renters get stuck in leases where they can be evicted in mere days. Pass URLTA rules"
1518474189,Mon Feb 12 2018 22:23:09 GMT+0000 (Coordinated Universal Time),824,1560,44,14,1,"BGPD needs to work toward community policing, where cops patrol the neighborhoods they live in. Stop incentivizing cops to live in suburbs"
1518474926,Mon Feb 12 2018 22:35:26 GMT+0000 (Coordinated Universal Time),826,1560,1,0,-1,"City needs to focus on maintaining businesses downtown rather than encouraging new development. Help local business, bring downtown back."
1518482532,Tue Feb 13 2018 00:42:12 GMT+0000 (Coordinated Universal Time),852,1611,1,0,-1,"The city should consider burying power lines wherever possible."
1518467645,Mon Feb 12 2018 20:34:05 GMT+0000 (Coordinated Universal Time),794,36,1,0,-1,"both dists w/well-off schools out of Title 1 Keeps low economic status parents transferring from low-income schools as GOV allows. 4Shame."
1518463466,Mon Feb 12 2018 19:24:26 GMT+0000 (Coordinated Universal Time),746,1457,1,0,-1,"Promote arts programs in the area, especially within the school districts"
1518462553,Mon Feb 12 2018 19:09:13 GMT+0000 (Coordinated Universal Time),725,1433,1,0,-1,"Fairness ordinance. It's absolutely embarrassing that we don't have one. The close-mindedness of most of our commissioners is disgraceful."
1518465376,Mon Feb 12 2018 19:56:16 GMT+0000 (Coordinated Universal Time),772,1505,90,12,1,"BGMU needs to be held accountable for their rates and ""averages."""
1518483982,Tue Feb 13 2018 01:06:22 GMT+0000 (Coordinated Universal Time),856,1626,1,0,-1,"Complete the Greenways an continue focusing tax revenue on keeping our community clean an healthy!"
1518489789,Tue Feb 13 2018 02:43:09 GMT+0000 (Coordinated Universal Time),868,1649,57,22,1,"Provide regular and affordable daily transport to Nashville Airport from Bowling Green."
1518501496,Tue Feb 13 2018 05:58:16 GMT+0000 (Coordinated Universal Time),895,1756,48,8,1,"Smallhouse Rd (at Campbell Ln) heading into town needs to be widened to have room for three lanes (left turn, straight, right turn)."
1518463676,Mon Feb 12 2018 19:27:56 GMT+0000 (Coordinated Universal Time),762,1478,1,0,-1,"Better traffic flow especially on Campbell lane and Scottsville road area."
1518463435,Mon Feb 12 2018 19:23:55 GMT+0000 (Coordinated Universal Time),741,1454,151,18,1,"The bypass area must be developed and utilized for new businesses and attractive structures. It is a neglected area that is losing business."
1518463418,Mon Feb 12 2018 19:23:38 GMT+0000 (Coordinated Universal Time),739,1455,86,10,1,"There should be a push to improve mental health awareness and availability in Bowling Green."
1518469652,Mon Feb 12 2018 21:07:32 GMT+0000 (Coordinated Universal Time),806,1549,1,0,-1,"NEED A NEW CABLE SYSTEM"
1518465950,Mon Feb 12 2018 20:05:50 GMT+0000 (Coordinated Universal Time),777,1516,50,32,1,"A fine if your cat or dog is picked up as a stray and is not spayed or neutered in the county."
1518469976,Mon Feb 12 2018 21:12:56 GMT+0000 (Coordinated Universal Time),808,1552,1,0,-1,"Infrastructure/ traffic flow considerations needs attention. Better/more  mass media choices available."
1518463646,Mon Feb 12 2018 19:27:26 GMT+0000 (Coordinated Universal Time),761,1470,51,60,1,"Legalized Marijuana will not only assist Bowling Green in earning Tax revenue but will decrease the strain on our prison system. Win-Win."
1518463534,Mon Feb 12 2018 19:25:34 GMT+0000 (Coordinated Universal Time),753,1463,58,24,1,"We need more regulation of opioid drugs, both prescribed and illicit."
1518463512,Mon Feb 12 2018 19:25:12 GMT+0000 (Coordinated Universal Time),750,1456,64,39,1,"We need to offer free full panel STD testing to students and low income families"
1518462881,Mon Feb 12 2018 19:14:41 GMT+0000 (Coordinated Universal Time),728,1448,1,0,-1,"Bowling Green/Warren County needs additional cable providers & county wide high speed internet."
1518462678,Mon Feb 12 2018 19:11:18 GMT+0000 (Coordinated Universal Time),727,1433,1,0,-1,"Zoning seems to be a real issue here. Everything apparently is zoned multi-purpose..."
1518481231,Tue Feb 13 2018 00:20:31 GMT+0000 (Coordinated Universal Time),840,1222,12,19,1,"Kentucky and Adams streets should be two-way roads. Adams St. should be zoned commercial, and Kentucky St. should be zoned residential."
1518487338,Tue Feb 13 2018 02:02:18 GMT+0000 (Coordinated Universal Time),863,1646,35,10,1,"SNAP grants for neighborhood improvements should be available in Warren County, not just in the city."
1518489612,Tue Feb 13 2018 02:40:12 GMT+0000 (Coordinated Universal Time),866,1654,32,13,1,"A round about would be the best solution to improve traffic flow on Fairview Ave at Keriakes Park."
1518491937,Tue Feb 13 2018 03:18:57 GMT+0000 (Coordinated Universal Time),877,1669,1,0,-1,"Bowling Green needs rental assistance."
1518463569,Mon Feb 12 2018 19:26:09 GMT+0000 (Coordinated Universal Time),758,1464,46,21,1,"Birth control should be an OTC drug- access to it in Kentucky and in Bowling Green is limited for many women."
1518463556,Mon Feb 12 2018 19:25:56 GMT+0000 (Coordinated Universal Time),755,1451,67,8,1,"If people are suggesting more advertising for tourists, there needs to be things for tourists to do."
1518463215,Mon Feb 12 2018 19:20:15 GMT+0000 (Coordinated Universal Time),731,1459,129,23,1,"We need to renovate the run down businesses and store fronts, instead of building new places"
1518463102,Mon Feb 12 2018 19:18:22 GMT+0000 (Coordinated Universal Time),730,1448,67,8,1,"Sewer should be required to be run to all new subdivisions and cost should be split between city/county water systems and builders"
1518468211,Mon Feb 12 2018 20:43:31 GMT+0000 (Coordinated Universal Time),797,1534,1,0,-1,"Support more non-public school choice options for ALL families."
1518472012,Mon Feb 12 2018 21:46:52 GMT+0000 (Coordinated Universal Time),814,1343,1,0,-1,"Museums would be beneficial to BG/Warren County residents, and also bring in tourists from surrounding counties."
1518472965,Mon Feb 12 2018 22:02:45 GMT+0000 (Coordinated Universal Time),817,428,1,0,-1,"Drivers Education classes should be required for new drivers before you can get a permit or license."
1518476047,Mon Feb 12 2018 22:54:07 GMT+0000 (Coordinated Universal Time),832,1592,74,18,1,"There are not enough family-centered activities to do down town."
1518469074,Mon Feb 12 2018 20:57:54 GMT+0000 (Coordinated Universal Time),804,1491,32,11,1,"Access Rd, east side of Scottsville Rd. in shopping dist causes congestion. Give right of way to access road or cross streets, not a mix!"
1518492278,Tue Feb 13 2018 03:24:38 GMT+0000 (Coordinated Universal Time),879,1669,1,0,-1,"We need a noise ordinance for the county"
1518498500,Tue Feb 13 2018 05:08:20 GMT+0000 (Coordinated Universal Time),893,1751,33,18,1,"More free meeting space for nonprofits."
1518463379,Mon Feb 12 2018 19:22:59 GMT+0000 (Coordinated Universal Time),735,1457,55,19,1,"Schools should offer more comprehensive sexual education to help lower STD and teen pregnancy rates."
1518463369,Mon Feb 12 2018 19:22:49 GMT+0000 (Coordinated Universal Time),734,1460,1,0,-1,"Offer healthier food options on and near WKU campus"
1518463367,Mon Feb 12 2018 19:22:47 GMT+0000 (Coordinated Universal Time),733,1450,1,0,-1,"Downtown BG should be a pedestrian area."
1518464824,Mon Feb 12 2018 19:47:04 GMT+0000 (Coordinated Universal Time),770,1488,55,32,1,"24hr parks would be a huge, and relatively inexpensive, benefit for the many people in our community who work 2nd and 3rd shifts."
1518465567,Mon Feb 12 2018 19:59:27 GMT+0000 (Coordinated Universal Time),773,0,60,11,1,"WRECC should provide internet services."
1518465762,Mon Feb 12 2018 20:02:42 GMT+0000 (Coordinated Universal Time),776,1385,63,19,1,"BG needs to develop a marketing campaign to draw Warren Co and surrounding counties to downtown for eating, shopping, and entertainment."
1518469885,Mon Feb 12 2018 21:11:25 GMT+0000 (Coordinated Universal Time),807,1530,72,28,1,"More walking/nature trails in our sports-centric parks. Have certain hours where walkers can enjoy the beauty of Paul Walker Golf Course."
1518473732,Mon Feb 12 2018 22:15:32 GMT+0000 (Coordinated Universal Time),820,1560,70,12,1,"Locally owned, small businesses should get incentives and assistance -- not chains and outside investors."
1518476201,Mon Feb 12 2018 22:56:41 GMT+0000 (Coordinated Universal Time),833,1592,1,0,-1,"Bowling Green should become a Metro."
1518482095,Tue Feb 13 2018 00:34:55 GMT+0000 (Coordinated Universal Time),848,0,41,15,1,"More parking for Fountain Square to become a pedestrian zone."
1518469326,Mon Feb 12 2018 21:02:06 GMT+0000 (Coordinated Universal Time),805,1543,41,17,1,"Scottsville Rd should be 4+ lanes between I-65 & Lovers Lane, get rid of the service Rd."
1518489732,Tue Feb 13 2018 02:42:12 GMT+0000 (Coordinated Universal Time),867,1649,12,21,1,"Raise drivers license from 16 to 18 and IMPROVE DRIVERS ED CLASSES in High schools  Believe me they are pitiful."
1518469041,Mon Feb 12 2018 20:57:21 GMT+0000 (Coordinated Universal Time),803,1542,15,6,1,"Traffic flow on Cavemill Rd during peek hours (3pm - 5pm)"
1518492278,Tue Feb 13 2018 03:24:38 GMT+0000 (Coordinated Universal Time),880,1686,1,0,-1,"Growth is being pushed. Adequate roads are necessary to go along with growth."
1518497215,Tue Feb 13 2018 04:46:55 GMT+0000 (Coordinated Universal Time),887,1747,1,0,-1,"Free cookies for everyone! Yay!"
1518463392,Mon Feb 12 2018 19:23:12 GMT+0000 (Coordinated Universal Time),737,1454,144,3,1,"The area of downtown and the riverfront should continue to be developed for entertainment and recreation for both day and night activities."
1518464587,Mon Feb 12 2018 19:43:07 GMT+0000 (Coordinated Universal Time),766,0,91,15,1,"A kayak trail from Lampkin Park to Barren River. Improved River access."
1518468685,Mon Feb 12 2018 20:51:25 GMT+0000 (Coordinated Universal Time),800,1543,1,0,-1,"Why are there 2 separate school systems. Silly to have duplicate everything, all that money would benefit kids & save the teacher pensions."
1518468588,Mon Feb 12 2018 20:49:48 GMT+0000 (Coordinated Universal Time),798,1542,38,9,1,"The traffic intersection at Scottsville Rd and Pascoe Blvd needs some immediate attention as far as congestion.  It's very unsafe."
1518482630,Tue Feb 13 2018 00:43:50 GMT+0000 (Coordinated Universal Time),853,1611,1,0,-1,"SKyPAC should work hard to attract musical acts for 25 - 50 crowd...new acts, play off numerous Nashville dates of many artists."
1518489930,Tue Feb 13 2018 02:45:30 GMT+0000 (Coordinated Universal Time),869,1649,95,7,1,"Insist that schools at all levels have daily physical activity  for all students to help combat the childhood obesity crisis."
1518490985,Tue Feb 13 2018 03:03:05 GMT+0000 (Coordinated Universal Time),876,1652,1,0,-1,"Older apartment complexes deteriorate.  Creates blighted areas, crime increases.  Stricter Landlord/Tenant rules needed!"
1518497788,Tue Feb 13 2018 04:56:28 GMT+0000 (Coordinated Universal Time),889,1749,1,0,-1,"We need to build up and support the historic downtown.   There needs to be less apartments and more activities that support the community."
1518463402,Mon Feb 12 2018 19:23:22 GMT+0000 (Coordinated Universal Time),738,1460,124,10,1,"Educate high schoolers on their options after they graduate"
1518473889,Mon Feb 12 2018 22:18:09 GMT+0000 (Coordinated Universal Time),823,1560,1,0,-1,"Bowling Green (and KY) need the same protection of renters as other states. (Only KY and one other state don't have URLTA laws!)"
1518480596,Tue Feb 13 2018 00:09:56 GMT+0000 (Coordinated Universal Time),839,1607,98,18,1,"Need term limits for all local elected officiałs"
1518481466,Tue Feb 13 2018 00:24:26 GMT+0000 (Coordinated Universal Time),841,853,1,0,-1,"Bowling Green & Warren County need more affordable housing options not more luxury or upscale housing."
1518481980,Tue Feb 13 2018 00:33:00 GMT+0000 (Coordinated Universal Time),846,1009,55,5,1,"Solving the drug crisis should not mean people with health problems/injuries have to suffer with severe pain."
1518481960,Tue Feb 13 2018 00:32:40 GMT+0000 (Coordinated Universal Time),845,1608,1,0,-1,"Let’s beautify the waterfront and bring in great artists! Nashville full of talent,  just down the road. Updates will attract talent/culture"
1518481843,Tue Feb 13 2018 00:30:43 GMT+0000 (Coordinated Universal Time),844,1608,55,10,1,"Support more local chefs and brewers! White Squirrel is fantastic and I want to see more of it in BG!"
1518482063,Tue Feb 13 2018 00:34:23 GMT+0000 (Coordinated Universal Time),847,1608,46,29,1,"Build parking garage behind Spencer’s, remove some parking from Ft. Square. Add a green space on top of garage! Soccer field or rooftop food"
1518486146,Tue Feb 13 2018 01:42:26 GMT+0000 (Coordinated Universal Time),860,1638,90,15,1,"New buildings should not be built right up to the sidewalk to inhibit seeing around corners when driving."
1518463424,Mon Feb 12 2018 19:23:44 GMT+0000 (Coordinated Universal Time),740,1450,1,0,-1,"Better parking for visitors to WKU campus"
1518466593,Mon Feb 12 2018 20:16:33 GMT+0000 (Coordinated Universal Time),785,1516,34,40,1,"Pass an ordinance that requires pet owners to pay a fee if their pets are not fixed."
1518471567,Mon Feb 12 2018 21:39:27 GMT+0000 (Coordinated Universal Time),813,833,53,7,1,"City and County should convert existing street lighting to Dark Sky Complaint Lights. #Nomoreorangeglow"
1518475033,Mon Feb 12 2018 22:37:13 GMT+0000 (Coordinated Universal Time),827,1560,91,13,1,"Police should not focus on Public Intoxication charges for people walking home. We should encourage people to walk -- not drive drunk."
1518471448,Mon Feb 12 2018 21:37:28 GMT+0000 (Coordinated Universal Time),812,1562,1,0,-1,"Take better care of senior citizens. WRECC needs to reduce rates. Get rid of Spectrum- rates too high for seniors."
1518463562,Mon Feb 12 2018 19:26:02 GMT+0000 (Coordinated Universal Time),756,1454,1,0,-1,"The riverfront is so underutilized in Bowling Green. It would be an excellent space for a music or cultural festival in the summertime."
1518463528,Mon Feb 12 2018 19:25:28 GMT+0000 (Coordinated Universal Time),752,1457,86,18,1,"Promote access to mental health treatment, rather than treating addicts as criminals."
1518463448,Mon Feb 12 2018 19:24:08 GMT+0000 (Coordinated Universal Time),743,1465,44,11,1,"City schools should be redistricted to more evenly distribute the kids."
1518463442,Mon Feb 12 2018 19:24:02 GMT+0000 (Coordinated Universal Time),742,1453,72,15,1,"There should be more effort put into teaching students about any potential harmful side effects of drugs, illegal or otherwise."
1518464820,Mon Feb 12 2018 19:47:00 GMT+0000 (Coordinated Universal Time),769,1502,78,52,1,"Bowling Green needs to pass a resolution in support of medical cannabis."
1518465274,Mon Feb 12 2018 19:54:34 GMT+0000 (Coordinated Universal Time),771,1505,28,25,1,"There needs to be a stoplight at the intersection of Shive Lane and Ken Bale Blvd to improve traffic flow. The backups there are awful."
1518466531,Mon Feb 12 2018 20:15:31 GMT+0000 (Coordinated Universal Time),783,1516,1,0,-1,"Stop pan handling"
1518466430,Mon Feb 12 2018 20:13:50 GMT+0000 (Coordinated Universal Time),781,1496,1,0,-1,"We have recycling now, but alot of people choose not to do it and throw their trash out the car window."
1518474536,Mon Feb 12 2018 22:28:56 GMT+0000 (Coordinated Universal Time),825,188,51,58,1,"Parents should be able to send their kids to the school district of their choice no matter where they live in Bowling Green/Warren County."
1518477521,Mon Feb 12 2018 23:18:41 GMT+0000 (Coordinated Universal Time),835,1601,1,0,-1,"The driving conditions on the 31-W bypass are very poor and need to be changed."
1518488041,Tue Feb 13 2018 02:14:01 GMT+0000 (Coordinated Universal Time),864,1651,1,0,-1,"Older neighborhoods change from owner occupied to rentals.  Neighborhoods deteriorate as a result.  Improved landlord/tenant rules needed!"
1518495611,Tue Feb 13 2018 04:20:11 GMT+0000 (Coordinated Universal Time),883,1740,1,0,-1,"Burying electrical wires  in downtown area would make a nice addition as per appearance."
1518463455,Mon Feb 12 2018 19:24:15 GMT+0000 (Coordinated Universal Time),744,1451,62,16,1,"We need more activities/places to go for teenagers; basically all there is are places to eat, the mall, and the bowling alley"
1518481789,Tue Feb 13 2018 00:29:49 GMT+0000 (Coordinated Universal Time),843,1608,1,0,-1,"So many beautiful buildings on the fountain square...update, add residential space, more parking for ft square to become pedestrian zone"
1518483227,Tue Feb 13 2018 00:53:47 GMT+0000 (Coordinated Universal Time),855,1624,1,0,-1,"More awareness of the cultural opportunities in BG -- such as SKYPAC and the Capitol. Cool things for everyone!"
1518490495,Tue Feb 13 2018 02:54:55 GMT+0000 (Coordinated Universal Time),874,0,61,5,1,"Cable TV providers should include all local channels."
1518463591,Mon Feb 12 2018 19:26:31 GMT+0000 (Coordinated Universal Time),760,1469,17,36,1,"The speed limit on WKU campus should be increased from 15 miles per hour to 25 miles per hour."
1518463455,Mon Feb 12 2018 19:24:15 GMT+0000 (Coordinated Universal Time),745,1464,87,25,1,"In order to combat teen pregnancy and STD rates, high schools in Bowling Green should offer comprehensive, medically accurate sex education."
1518466347,Mon Feb 12 2018 20:12:27 GMT+0000 (Coordinated Universal Time),780,1506,37,21,1,"I believe BGISD and WCS should be combined to lower tax payer overheads of multi-administration wastages"
1518470419,Mon Feb 12 2018 21:20:19 GMT+0000 (Coordinated Universal Time),810,0,41,18,1,"Judge/prosecutors should not let influential family of victim push extraordinarily harsh sentences & create more victims, ruined young lives"
1518473690,Mon Feb 12 2018 22:14:50 GMT+0000 (Coordinated Universal Time),819,1560,58,18,1,"City officials need to spread resources across city and not just focus on wealthy neighborhoods. Low-income areas of city are ignored."
1518473805,Mon Feb 12 2018 22:16:45 GMT+0000 (Coordinated Universal Time),822,1560,127,9,1,"Fines and other enforcement actions should be taken against landlords who don't keep up with their properties."
1518477937,Mon Feb 12 2018 23:25:37 GMT+0000 (Coordinated Universal Time),836,854,1,0,-1,"A couple of indoor swimming pools that seniors can use and that are heated"
1518475571,Mon Feb 12 2018 22:46:11 GMT+0000 (Coordinated Universal Time),830,1590,1,0,-1,"Know who all your neighbors are"
1518482436,Tue Feb 13 2018 00:40:36 GMT+0000 (Coordinated Universal Time),850,1611,102,12,1,"We must ensure historic preservation codes are properly enforced in our historic districts; lack of consistency erodes our unique aesthetic."
1518490150,Tue Feb 13 2018 02:49:10 GMT+0000 (Coordinated Universal Time),872,1649,86,8,1,"We need faster internet service."
1518490045,Tue Feb 13 2018 02:47:25 GMT+0000 (Coordinated Universal Time),871,1649,33,39,1,"Emphasize that ALL immigrants should learn and speak ENGLLISH."
1518495277,Tue Feb 13 2018 04:14:37 GMT+0000 (Coordinated Universal Time),882,1510,34,18,1,"Create shoulders on the bypass."
1518463542,Mon Feb 12 2018 19:25:42 GMT+0000 (Coordinated Universal Time),754,1462,1,0,-1,"BG needs more of a draw for young people, too many smart students move away after they attend WKU"
1518463521,Mon Feb 12 2018 19:25:21 GMT+0000 (Coordinated Universal Time),751,1464,101,18,1,"Sex education should include information about consent, safe sex practices, and STD spread and prevention."
1518463474,Mon Feb 12 2018 19:24:34 GMT+0000 (Coordinated Universal Time),748,1461,138,10,1,"There should be more cooperation between WKU and Bowling Green, especially for things like internships and community involvement."
1518464640,Mon Feb 12 2018 19:44:00 GMT+0000 (Coordinated Universal Time),767,1488,1,0,-1,"As Bowling Green continues to develop, quality bike lanes should be installed, focusing in the downtown/campus area."
1518464774,Mon Feb 12 2018 19:46:14 GMT+0000 (Coordinated Universal Time),768,1496,1,0,-1,"Not enough parking close to the square to do it."
1518478672,Mon Feb 12 2018 23:37:52 GMT+0000 (Coordinated Universal Time),837,1603,1,0,-1,"Bowling Green needs a homeless shelter."
1518472819,Mon Feb 12 2018 22:00:19 GMT+0000 (Coordinated Universal Time),816,1560,106,22,1,"Businesses and multi-family dwellings should be required to offer and use recycling services."
1518485108,Tue Feb 13 2018 01:25:08 GMT+0000 (Coordinated Universal Time),857,853,24,6,1,"BG's Kummer Little gym is open limited hours for indoor track. On other hand, County has new gyms that are open lots of hrs. Inequitable."
1518496966,Tue Feb 13 2018 04:42:46 GMT+0000 (Coordinated Universal Time),886,1747,1,0,-1,"Legalize marijuana so people will stop talking about legalizing marijuana."
1518499107,Tue Feb 13 2018 05:18:27 GMT+0000 (Coordinated Universal Time),894,1480,27,16,1,"Doctors should not overreact to the opioid crisis. People in pain shouldn't suffer because others lack self control and abuse the system."
1518463562,Mon Feb 12 2018 19:26:02 GMT+0000 (Coordinated Universal Time),757,1465,1,0,-1,"The time lengths on the light at the Scottsville Rd./By-Pass intersection should be changed."
1518466643,Mon Feb 12 2018 20:17:23 GMT+0000 (Coordinated Universal Time),786,1516,34,57,1,"Allow parents that take their kids out of public schools to use that money in a private school."
1518475791,Mon Feb 12 2018 22:49:51 GMT+0000 (Coordinated Universal Time),831,1592,1,0,-1,"Bowling Green needs to improve driving conditions on the 31-W bypass."
1518481663,Tue Feb 13 2018 00:27:43 GMT+0000 (Coordinated Universal Time),842,1608,1,0,-1,"Update and beautify and expand! Need to support small business, bring in fiber, federalize renters rights, fix the traffic jams, concerts!!"
1518476361,Mon Feb 12 2018 22:59:21 GMT+0000 (Coordinated Universal Time),834,1534,45,44,1,"Support non-public (or public charter) school choice options, and make choice viable for families of ALL income levels."
1518485404,Tue Feb 13 2018 01:30:04 GMT+0000 (Coordinated Universal Time),858,1631,28,32,1,"A private (catholic) high school would be beneficial to all."
1518490010,Tue Feb 13 2018 02:46:50 GMT+0000 (Coordinated Universal Time),870,1649,121,9,1,"Provide accessible transportation for seniors that have difficulty driving"
1518490830,Tue Feb 13 2018 03:00:30 GMT+0000 (Coordinated Universal Time),875,1652,66,18,1,"Older neighborhoods change from owner occupied to rental.  Deterioration occurs.  Stronger landlord/tenant laws needed!"
1518463833,Mon Feb 12 2018 19:30:33 GMT+0000 (Coordinated Universal Time),763,1480,1,0,-1,"Alcohol should be sold in Warren County, and not just in Bowling Green city limits."
1518462502,Mon Feb 12 2018 19:08:22 GMT+0000 (Coordinated Universal Time),724,1432,74,6,1,"How is it that surrounding counties have county wide high speed internet, yet one third of Warren County residents have slow or no internet?"
1518464482,Mon Feb 12 2018 19:41:22 GMT+0000 (Coordinated Universal Time),765,1494,1,0,-1,"Improved opportunities for outdoor recreation.More bike lanes and a kayak trail from Lampkin Park to Barren River. Improved River access."
1518463875,Mon Feb 12 2018 19:31:15 GMT+0000 (Coordinated Universal Time),764,1476,1,0,-1,"New outdoor recreation opportunities along Barren River would be a huge plus and economic benefit to the area."
1518468939,Mon Feb 12 2018 20:55:39 GMT+0000 (Coordinated Universal Time),802,1542,1,0,-1,"The entrance to Natcher Elementary and Cavemill Rd should consider putting a ""red / green"" light there between the hours of 3:30-4:30."
1518468620,Mon Feb 12 2018 20:50:20 GMT+0000 (Coordinated Universal Time),799,771,123,12,1,"Community Education provides after-school care necessary to working parents.  Funding should not be cut."
1518467873,Mon Feb 12 2018 20:37:53 GMT+0000 (Coordinated Universal Time),795,1527,1,0,-1,"no specific comments"
1518467102,Mon Feb 12 2018 20:25:02 GMT+0000 (Coordinated Universal Time),790,1496,45,38,1,"Many people want something for nothing and if they don't get it they steal it instead of working for it.  We are producing a gimme society."
1518466547,Mon Feb 12 2018 20:15:47 GMT+0000 (Coordinated Universal Time),784,1518,19,18,1,"Have a Dual Slalom Course, Pump Track & Bike Skills Course co-located by the Low Hollow Mountain Bike Trail at Weldon Peete Park."
1518466321,Mon Feb 12 2018 20:12:01 GMT+0000 (Coordinated Universal Time),779,1426,4,43,1,"Government should ignore criminal malfeasance/embezzlement of public funds by anyone if little or no funds can be recovered."
1518465637,Mon Feb 12 2018 20:00:37 GMT+0000 (Coordinated Universal Time),775,1385,75,19,1,"BG needs to redevelop from WKU to the river and beyond. Model after Greenville SC"
1518465587,Mon Feb 12 2018 19:59:47 GMT+0000 (Coordinated Universal Time),774,1385,49,30,1,"Bowling Green Government needs more perspective from Millennials. We need ideas for the future not outdated Boomer development ideas."
1518466523,Mon Feb 12 2018 20:15:23 GMT+0000 (Coordinated Universal Time),782,1516,31,24,1,"Build a homeless park w/tiny homes so they can live & not suffer. There should also be a main house to can receive/organize donations"
1518471140,Mon Feb 12 2018 21:32:20 GMT+0000 (Coordinated Universal Time),811,1543,1,0,-1,"Poor Planning over recent years - 3 corners of 31W & Scottsville Rd intersection, allowed development instead of adding turn lanes."
1518472794,Mon Feb 12 2018 21:59:54 GMT+0000 (Coordinated Universal Time),815,1560,88,19,1,"Recycling services need to be improved and modernized. Current contractor uses outdated equipment, services are messy, company unresponsive."
1518473762,Mon Feb 12 2018 22:16:02 GMT+0000 (Coordinated Universal Time),821,1560,80,12,1,"Low-income areas should get beautification money -- not the wealthy who can afford it themselves."
1518475086,Mon Feb 12 2018 22:38:06 GMT+0000 (Coordinated Universal Time),829,1578,1,0,-1,"We need high speed internet options available in the county besides satellite internet!!"
1518482256,Tue Feb 13 2018 00:37:36 GMT+0000 (Coordinated Universal Time),849,1611,1,0,-1,"We must preserve and protect our historic buildings and neighborhoods, especially as new developments continue in the downtown area."
1518485435,Tue Feb 13 2018 01:30:35 GMT+0000 (Coordinated Universal Time),859,1631,64,12,1,"Street lights should be required on residential streets in town. Too many dark corners."
1518486217,Tue Feb 13 2018 01:43:37 GMT+0000 (Coordinated Universal Time),861,1640,37,20,1,"Hawaii outlaws billboards tokeep the landscape from being blocked I would love to see Bowling Green billboard free"
1518467617,Mon Feb 12 2018 20:33:37 GMT+0000 (Coordinated Universal Time),793,36,1,0,-1,"both dists the well-off schools out of Title 1 Keeps low economic status parents transferring from well-off schools as GOV allows. 4Shame."
1518490191,Tue Feb 13 2018 02:49:51 GMT+0000 (Coordinated Universal Time),873,1649,1,0,-1,"Cable TV is pitiful - way too expensive and not including ""local"" channels."
1518488616,Tue Feb 13 2018 02:23:36 GMT+0000 (Coordinated Universal Time),865,1651,1,0,-1,"Older neighborhoods change from owner occupied to rentals.  Deterioration occurs.  Stronger landlord/tenant rules needed!"
1518496723,Tue Feb 13 2018 04:38:43 GMT+0000 (Coordinated Universal Time),885,1745,46,9,1,"The main problem facing is the workforce development. There is over 6500 jobs open in Warren County. This is a big issue."
1518495768,Tue Feb 13 2018 04:22:48 GMT+0000 (Coordinated Universal Time),884,1740,1,0,-1,"Underground electrical wires in downtown area would be very attractive."
1518498456,Tue Feb 13 2018 05:07:36 GMT+0000 (Coordinated Universal Time),892,1751,1,0,-1,"Skating rink on Gordon ave."
1518498361,Tue Feb 13 2018 05:06:01 GMT+0000 (Coordinated Universal Time),891,1751,59,9,1,"After school activity centers for youth with later hours of operation."
1518497602,Tue Feb 13 2018 04:53:22 GMT+0000 (Coordinated Universal Time),888,1748,46,8,1,"Better visibility on roads. Reflectors and better signage"
1518494836,Tue Feb 13 2018 04:07:16 GMT+0000 (Coordinated Universal Time),881,1670,1,0,-1,"Refugees and immigrants add many things to our community and should be welcomed and supported."
1518498193,Tue Feb 13 2018 05:03:13 GMT+0000 (Coordinated Universal Time),890,1751,63,7,1,"More affordable home ownership options."
